{"E": 1.3327894675000008e-18, "H": 0.17335539617312118}