{"d": 1.6e-07, "H": 0.7528928307335971, "E": -4.71002996341e-17}