{"d": 1.6e-07, "H": 1.0800518498321572, "E": -6.53058275121e-17}