{"E": 2.4665453360000056e-19, "H": 0.012202489987678432}