{"E": 2.125160466599999e-18, "H": 0.09896463765738081}