{"d": 1.6e-07, "H": 0.8197104804685906, "E": -5.17326041173e-17}