{"E": 2.180636886800005e-18, "H": 0.9646048372886914}