{"E": 2.143074474899999e-18, "H": 0.9553442344939065}