{"d": 1.6e-07, "H": 0.9553442344939065, "E": -5.93025786856e-17}