{"d": 1.6e-07, "H": 0.5097030848111216, "E": -3.09038504868e-17}