{"E": 3.6776137603e-18, "H": 0.8390011505117905}