{"d": 1.6e-07, "H": 0.8323809952950884, "E": -4.90013167972e-17}