{"E": 4.9250657086999926e-18, "H": 1.0138643716232256}