{"E": 2.0122171486000015e-18, "H": 0.1467594265549136}