{"E": 2.765546529999751e-20, "H": 0.6698909203044445}