{"E": 6.44361517299999e-19, "H": 0.15675005568735337}