{"E": 1.1883569662000003e-18, "H": 0.1511396584396841}