{"d": 1.6e-07, "H": 1.0934684341269973, "E": -7.1595168405e-17}