{"E": 4.3273628439999812e-19, "H": 0.37850545748998105}