{"E": 2.4461839118000016e-18, "H": 0.12282567902694742}