{"d": 1.6e-07, "H": 0.8637599795213791, "E": -5.48492615928e-17}