{"E": 2.2239949141e-18, "H": 0.10628000491945659}