{"d": 1.6e-07, "H": 0.10628000491945659, "E": -1.58323553449e-17}