{"d": 1.6e-07, "H": 0.9440337622094458, "E": -6.06239976053e-17}