{"E": 1.7454480839999935e-19, "H": 0.020055601051892014}