{"d": 1.6e-07, "H": 0.599718986535895, "E": -3.71374194404e-17}