{"E": 3.578768889999959e-19, "H": 0.599718986535895}