{"E": 3.390130191699997e-18, "H": 0.9698279207025753}