{"E": 3.635840333100005e-18, "H": 0.833905885471391}