{"E": 1.0745616504e-18, "H": 0.43261990503454334}