{"d": 1.6e-07, "H": 0.55779369174165, "E": -3.51835907104e-17}