{"E": 5.870324379999998e-19, "H": 0.13930175741253814}