{"E": 4.9829790046000034e-18, "H": 1.0235853459745574}