{"E": 3.185130407300001e-18, "H": 0.1847971783887045}