{"E": 2.8805659491999996e-18, "H": 0.15679231120900416}