{"d": 1.6e-07, "H": 1.0019658059640772, "E": -6.37327961655e-17}