{"d": 1.6e-07, "H": 1.0539468285340443, "E": -6.86723685037e-17}