{"E": 8.857734149000076e-19, "H": 0.907883323204455}