{"E": 3.541616648999988e-19, "H": 0.07527286362065425}