{"d": 1.6e-07, "H": 0.27819278671534964, "E": -2.27845268204e-17}