{"E": 4.829556280000025e-19, "H": 0.554693781571518}