{"E": 2.871936764799996e-18, "H": 1.1947724585988408}