{"E": 1.1343921623999965e-18, "H": 0.7571489064156133}