{"E": 4.763181641000001e-18, "H": 0.15679231120900416}