{"E": 1.503413632599999e-18, "H": 0.25887512480467534}