{"E": 4.219839999200004e-18, "H": 0.7506798559997826}