{"d": 1.6e-07, "H": 0.7506798559997826, "E": -4.27293845794e-17}