{"E": 4.338219631400003e-18, "H": 0.9249011197760583}