{"E": 2.3097853012999957e-18, "H": 0.9981815390658192}