{"E": 9.439732943999992e-19, "H": 0.9291651296158059}