{"E": 3.4637219909999995e-18, "H": 0.09896463765738081}