{"d": 1.6e-07, "H": 0.9817613249810861, "E": -6.33711867865e-17}