{"E": 3.973307475500004e-18, "H": 1.0934684341269973}