{"E": 2.0503474193000006e-18, "H": 0.09343237728599144}