{"E": 5.376568017000014e-19, "H": 0.6052580022217073}