{"d": 1.6e-07, "H": 1.0515676079188805, "E": -6.72829453572e-17}