{"E": 3.536234324999997e-18, "H": 0.6742951967549535}