{"E": 3.552113015599998e-18, "H": 0.8237846523064629}