{"E": 2.783062506100005e-18, "H": 0.869261412570817}