{"E": 1.3973514073000026e-18, "H": 1.1735348343250152}