{"E": 9.796657046000015e-19, "H": 0.01842989869844196}