{"E": 8.572373352000002e-19, "H": 0.09896463765738081}