{"E": 1.9887305866000044e-18, "H": 0.600253287454197}