{"E": 4.5818052261000035e-18, "H": 0.790605703246432}