{"E": 4.25214273299997e-19, "H": 0.4214280801625913}