{"d": 1.6e-07, "H": 0.4214280801625913, "E": -2.80224906395e-17}