{"d": 1.6e-07, "H": 0.6594397013397775, "E": -4.08877226133e-17}