{"d": 1.6e-07, "H": 0.2448758754028829, "E": -2.16873124978e-17}