{"E": 4.2671034899999847e-19, "H": 0.40394412551959685}