{"E": 2.5473680993999957e-18, "H": 0.8347188180131706}