{"E": 1.5152950287000024e-18, "H": 0.24692969305196932}