{"E": 1.7894332815999993e-18, "H": 0.5238139349280231}