{"d": 1.6e-07, "H": 0.29010798832463125, "E": -2.17371375833e-17}