{"E": 1.261295946000009e-19, "H": 0.6488495684507151}