{"E": 7.435463423000016e-19, "H": 0.5151353728160908}