{"d": 1.6e-07, "H": 1.1141259767768092, "E": -7.18109425908e-17}