{"d": 1.6e-07, "H": 0.657065121899311, "E": -4.02147954779e-17}