{"E": 6.07709588500001e-19, "H": 0.657065121899311}