{"E": 1.3808136639999975e-18, "H": 1.1603903092753214}