{"E": 2.0960326748999897e-18, "H": 0.9440337622094458}