{"E": 3.0442555399999605e-19, "H": 0.6110638646468093}