{"d": 1.6e-07, "H": 0.8081036758866661, "E": -5.03588284063e-17}