{"E": 1.5820429284999944e-18, "H": 0.8362432922424539}