{"d": 1.6e-07, "H": 0.4265244232267176, "E": -2.86766409906e-17}