{"E": 1.1160073699999855e-19, "H": 0.6519406712010998}