{"E": 6.423749580400001e-18, "H": 0.23642418523566786}