{"E": 2.7947149858999925e-18, "H": 1.1603903092753214}