{"E": 4.738230422099998e-18, "H": 0.8081036758866661}