{"d": 1.6e-07, "H": 1.1469998419153746, "E": -7.28102561785e-17}