{"E": 2.586859434000011e-19, "H": 0.6207519568266823}