{"d": 1.6e-07, "H": 0.6207519568266823, "E": -3.8435541056e-17}