{"E": 4.3216688550000336e-19, "H": 0.4693248327960347}