{"E": 4.7512493336000005e-18, "H": 0.809569514778482}