{"E": 5.156100572299993e-18, "H": 1.0539468285340443}