{"E": 1.2191609278000074e-18, "H": 1.0544923781969306}