{"d": 1.6e-07, "H": 1.0544923781969306, "E": -6.74934644475e-17}