{"E": 2.075237098999999e-18, "H": 0.27203913743067176}