{"E": 2.0797578532999987e-18, "H": 0.6273185104758006}