{"E": 6.947296323999998e-18, "H": 1.112307266850654}