{"E": 6.278405429000018e-19, "H": 0.8267534068632554}