{"E": 1.0105957768999935e-18, "H": 0.9553442344939065}