{"d": 1.6e-07, "H": 0.4235723325794434, "E": -2.81186255191e-17}