{"d": 1.6e-07, "H": 0.5238139349280231, "E": -3.26843347804e-17}