{"d": 1.6e-07, "H": 0.600253287454197, "E": -3.7525435677e-17}