{"E": 1.9422227928999998e-18, "H": 0.5851306000927129}