{"E": 2.442101305000011e-19, "H": 0.6238164836260325}