{"E": 1.690700490699999e-18, "H": 0.4497821356648899}