{"E": 2.0256318017e-18, "H": 0.25887512480467534}