{"E": 5.159104815000009e-18, "H": 1.0544923781969306}