{"E": 5.219527904000001e-19, "H": 0.25887512480467534}