{"E": 1.466052662499998e-18, "H": 0.1200051235924728}