{"E": 1.7489936723999993e-18, "H": 0.104560520146578}