{"E": 4.506132468099998e-18, "H": 0.9488281907779279}