{"d": 1.6e-07, "H": 1.0273665437929667, "E": -6.43008782829e-17}