{"d": 1.6e-07, "H": 1.1735348343250152, "E": -7.02968794869e-17}