{"E": 7.2542047286e-18, "H": 1.1735348343250152}