{"E": 1.2119836753999996e-18, "H": 1.0505179873860966}