{"E": 7.643349789999878e-20, "H": 0.6594397013397775}