{"d": 1.6e-07, "H": 1.1947724585988408, "E": -7.17875363041e-17}