{"E": 7.349917446799998e-18, "H": 1.1947724585988408}