{"d": 1.6e-07, "H": 0.8576541392250352, "E": -5.44147422096e-17}