{"d": 1.6e-07, "H": 0.21342597313549733, "E": -1.91958166108e-17}