{"E": 2.366428050999995e-18, "H": 1.0138643716232256}