{"E": 1.4369702686999975e-18, "H": 0.809569514778482}