{"d": 1.6e-07, "H": 0.809569514778482, "E": -4.95845530888e-17}