{"E": 6.3556923965e-18, "H": 1.0138643716232256}