{"E": 5.682923539800004e-18, "H": 0.9207083700108073}