{"E": 4.45720498000001e-19, "H": 0.3410370427360969}