{"d": 1.6e-07, "H": 1.051788883420381, "E": -6.85131564634e-17}