{"d": 1.6e-07, "H": 0.20561918789003553, "E": -1.89688591029e-17}