{"d": 1.6e-07, "H": 0.21342597313549733, "E": -1.95838385933e-17}