{"E": 6.866774749800009e-18, "H": 1.0976181620612193}