{"d": 1.6e-07, "H": 0.6488495684507151, "E": -4.03347265058e-17}