{"E": 1.0851114604000025e-18, "H": 0.13120496795805647}