{"d": 1.6e-07, "H": 1.0229688740778602, "E": -6.63909393927e-17}