{"E": 5.455284081799992e-18, "H": 1.1120120774019429}