{"E": 2.658771087000003e-18, "H": 1.1071872073552032}