{"E": 1.296234839200002e-18, "H": 0.36369963048148934}