{"d": 1.6e-07, "H": 0.10862032555585044, "E": -1.73382224126e-17}