{"E": 9.0366568336e-18, "H": 0.8519665292898678}