{"E": 3.623288684499995e-18, "H": 0.8323809952950884}