{"d": 1.6e-07, "H": 0.27785719330458286, "E": -2.2271941875e-17}