{"d": 1.6e-07, "H": 0.3904728006143434, "E": -2.58796847174e-17}