{"E": 5.477260022499994e-18, "H": 1.116615272717344}