{"E": 8.730620238999976e-19, "H": 0.7140948789521357}