{"d": 1.6e-07, "H": 0.471480948213937, "E": -3.07746895531e-17}