{"E": 7.270524080000001e-18, "H": 1.1770707825786892}