{"E": 2.2789271753000003e-18, "H": 0.9898962581019028}