{"E": 1.1836231347999998e-18, "H": 0.40095850213329115}