{"d": 1.6e-07, "H": 1.0274713182492725, "E": -6.67219638646e-17}