{"E": 1.4237640053000012e-18, "H": 0.09896463765738081}