{"d": 1.6e-07, "H": 0.6546227281234838, "E": -4.00730191871e-17}