{"E": 2.7572995599000014e-18, "H": 0.1467594265549136}