{"E": 2.7624463275999986e-18, "H": 1.1469998419153746}