{"E": 2.6728283896000065e-18, "H": 1.112307266850654}