{"d": 1.6e-07, "H": 1.112307266850654, "E": -7.03198326716e-17}