{"E": 2.9361006189999956e-19, "H": 0.05767995912901584}