{"d": 1.6e-07, "H": 0.7464990043310208, "E": -4.2482550255e-17}