{"E": 1.4747627033000015e-18, "H": 0.280929955271993}