{"E": 5.238916634000021e-19, "H": 0.2521333701349106}