{"E": 4.047507710100004e-18, "H": 1.112307266850654}