{"d": 1.6e-07, "H": 0.6848079906719802, "E": -3.89144962621e-17}