{"E": 1.1685569105000012e-18, "H": 1.0274713182492725}