{"d": 1.6e-07, "H": 0.09520598533519938, "E": -1.57586497541e-17}