{"E": 1.423526563400004e-18, "H": 1.1955561140906563}