{"d": 1.6e-07, "H": 0.17335539617312118, "E": -1.82487397483e-17}