{"d": 1.6e-07, "H": 0.8323809952950884, "E": -5.19769556104e-17}