{"E": 6.476498712999993e-19, "H": 0.8323809952950884}