{"E": 1.2791372090000102e-19, "H": 0.7038115819871134}