{"E": 6.919003540000005e-18, "H": 1.1141259767768092}