{"E": 6.496157337000009e-19, "H": 0.5364265596607982}