{"E": 3.24602678609999e-18, "H": 0.9440337622094458}