{"E": 1.3989432965000012e-18, "H": 0.8027673907963068}