{"E": 5.670200794999996e-19, "H": 0.554693781571518}