{"E": 3.6564506606999975e-18, "H": 0.836415867916509}