{"E": 4.255291782999976e-19, "H": 0.4348386023907413}