{"E": 2.201447453900006e-18, "H": 0.9698279207025753}