{"E": 5.363626028000024e-19, "H": 0.24692969305196932}