{"E": 1.3009923322000018e-18, "H": 0.16233320056405595}