{"d": 1.6e-07, "H": 0.9152481654382668, "E": -5.76347421476e-17}