{"E": 9.06336951700002e-19, "H": 0.9152481654382668}