{"d": 1.6e-07, "H": 0.3732134265854133, "E": -2.59389371062e-17}