{"E": 4.383399273000002e-19, "H": 0.36369963048148934}