{"E": 1.3122841368e-18, "H": 0.3578308540638109}