{"d": 1.6e-07, "H": 0.9545452567039938, "E": -5.68423931632e-17}