{"E": 7.137304999999977e-19, "H": 0.1796772163756774}