{"E": 4.287885478100001e-18, "H": 0.9179247544377012}