{"d": 1.6e-07, "H": 0.6597066901473676, "E": -3.75039756564e-17}