{"E": 1.2633999731999997e-18, "H": 0.15679231120900416}