{"d": 1.6e-07, "H": 0.9066727290485987, "E": -5.70406669721e-17}