{"d": 1.6e-07, "H": 0.8850705377887228, "E": -5.10647842681e-17}