{"d": 1.6e-07, "H": 0.9343751092958316, "E": -5.55181589495e-17}