{"E": 7.666261060000008e-19, "H": 0.10862032555585044}