{"E": 3.740866640600001e-18, "H": 0.8467781858029751}