{"d": 1.6e-07, "H": 0.7288630436479365, "E": -4.14482231768e-17}