{"d": 1.6e-07, "H": 0.9861663886355949, "E": -5.75260639947e-17}