{"E": 5.144180582500003e-18, "H": 1.051788883420381}