{"E": 3.6453018030000025e-18, "H": 0.6873601795375328}