{"d": 1.6e-07, "H": 0.7506798559997826, "E": -4.58535127553e-17}