{"d": 1.6e-07, "H": 0.7526268782292636, "E": -4.28445466069e-17}