{"E": 1.1303271200000156e-19, "H": 0.6516358443230307}