{"d": 1.6e-07, "H": 1.1402152872098037, "E": -6.94814555479e-17}