{"d": 1.6e-07, "H": 1.035969243607655, "E": -6.73472778158e-17}