{"E": 1.994918385600001e-18, "H": 0.9207083700108073}