{"E": 7.002815305000017e-19, "H": 0.8477523637167386}