{"E": 2.5314475120999917e-18, "H": 1.0636166570397383}