{"d": 1.6e-07, "H": 0.9207083700108073, "E": -5.32522994781e-17}