{"d": 1.6e-07, "H": 0.07527286362065425, "E": -1.66133709118e-17}