{"E": 3.0496608359999984e-18, "H": 0.08067118301082754}