{"E": 2.8092281838999975e-18, "H": 1.1665884152288912}