{"E": 4.436065162000017e-19, "H": 0.4971364459437102}