{"d": 1.6e-07, "H": 0.4971364459437102, "E": -3.15903932281e-17}