{"E": 5.748418263099995e-18, "H": 0.9291651296158059}