{"E": 6.112457209999993e-19, "H": 0.6594397013397775}