{"E": 5.299625369000012e-19, "H": 0.2521333701349106}