{"d": 1.6e-07, "H": 0.2521333701349106, "E": -2.13891033299e-17}