{"E": 1.7520986885999994e-18, "H": 0.869261412570817}