{"E": 1.1089716007999994e-18, "H": 0.7528928307335971}