{"E": 1.619017469000004e-18, "H": 0.7108584663581602}