{"E": 1.5151059150999967e-18, "H": 0.8237846523064629}