{"E": 6.444113724599996e-18, "H": 1.0273665437929667}