{"E": 2.720959847299995e-18, "H": 1.1305127224462546}