{"E": 4.190227856900003e-18, "H": 0.7474323434833914}