{"E": 4.2737583389999994e-19, "H": 0.4497821356648899}