{"d": 1.6e-07, "H": 0.20512440864035072, "E": -1.89546768694e-17}