{"d": 1.6e-07, "H": 1.0485608360241712, "E": -6.57912766903e-17}