{"E": 2.1388272187000014e-18, "H": 0.29010798832463125}