{"d": 1.6e-07, "H": 0.6742951967549535, "E": -3.95983583588e-17}