{"d": 1.6e-07, "H": 0.40394412551959685, "E": -2.65024511354e-17}