{"E": 1.5350959782000007e-18, "H": 0.20974749177685456}