{"E": 7.965536616000004e-19, "H": 0.09520598533519938}