{"E": 3.3244249320000197e-19, "H": 0.7506798559997826}