{"E": 3.782714310600004e-18, "H": 0.8519665292898678}