{"E": 6.597352149999994e-19, "H": 0.16160298068677026}