{"E": 5.335635239000018e-19, "H": 0.6018498694066258}