{"E": 5.7300148765999985e-18, "H": 1.173866898580667}