{"d": 1.6e-07, "H": 0.8237846523064629, "E": -4.84668914935e-17}