{"E": 4.547201163100001e-18, "H": 0.7867600810417402}