{"E": 4.876950102700001e-18, "H": 1.005939071376994}