{"d": 1.6e-07, "H": 0.24692969305196932, "E": -1.51441287976e-17}