{"E": 6.265259192999994e-19, "H": 0.6698909203044445}