{"d": 1.6e-07, "H": 0.06405041147039583, "E": -1.45850395527e-17}