{"E": 3.682213987100001e-18, "H": 0.10862032555585044}