{"d": 1.6e-07, "H": 0.9066727290485987, "E": -5.23506523081e-17}