{"E": 2.6725004147999954e-18, "H": 1.1122117803842337}