{"d": 1.6e-07, "H": 0.3972753947061752, "E": -2.69599500365e-17}