{"d": 1.6e-07, "H": 1.0718182521919446, "E": -6.74358538703e-17}