{"d": 1.6e-07, "H": 0.12314500844208708, "E": -1.44056303639e-17}