{"d": 1.6e-07, "H": 0.16160298068677026, "E": -1.63846178875e-17}