{"E": 2.937529694800001e-18, "H": 0.16160298068677026}