{"E": 8.53124411599999e-19, "H": 0.7108584663581602}