{"E": 8.967743599999991e-19, "H": 0.104560520146578}