{"d": 1.6e-07, "H": 1.0521215565114765, "E": -6.73228079417e-17}