{"E": 2.378962090999992e-18, "H": 1.017422486013861}