{"E": 1.4727595314000052e-18, "H": 0.8160392176894741}