{"E": 2.9063364550000024e-19, "H": 0.01842989869844196}