{"d": 1.6e-07, "H": 0.8115632219784964, "E": -4.63921816616e-17}