{"d": 1.6e-07, "H": 0.4497821356648899, "E": -2.87336980555e-17}