{"E": 6.129356396200004e-18, "H": 0.9808002518152286}