{"E": 1.247409961599995e-18, "H": 1.0706344716555656}