{"E": 3.590371861e-18, "H": 0.104560520146578}