{"d": 1.6e-07, "H": 0.5073136042405212, "E": -3.25457479001e-17}