{"d": 1.6e-07, "H": 0.020055601051892014, "E": -1.55949233247e-17}