{"E": 1.340534917599993e-18, "H": 1.1305127224462546}