{"E": 6.2181947220000035e-18, "H": 0.9935376695424457}