{"E": 5.310433122999993e-19, "H": 0.12282567902694742}