{"E": 8.74482407000001e-20, "H": 0.6570880888695172}