{"d": 1.6e-07, "H": 0.3410370427360969, "E": -2.37275490623e-17}