{"d": 1.6e-07, "H": 1.0236103138012014, "E": -6.64380864725e-17}