{"d": 1.6e-07, "H": 0.9343751092958316, "E": -5.89660824063e-17}