{"E": 3.8571147695e-18, "H": 0.7108584663581602}