{"d": 1.6e-07, "H": 0.6698909203044445, "E": -3.80732929185e-17}