{"E": 4.6305661206e-18, "H": 0.05767995912901584}