{"d": 1.6e-07, "H": 0.9123660783014961, "E": -5.83332250849e-17}