{"E": 2.110968660600002e-18, "H": 0.16233320056405595}