{"d": 1.6e-07, "H": 0.790605703246432, "E": -4.92052891488e-17}