{"d": 1.6e-07, "H": 0.1290774946406727, "E": -1.60187798913e-17}