{"E": 2.6060728920000206e-19, "H": 0.6203451822046695}