{"d": 1.6e-07, "H": 0.048397381135607716, "E": -1.65004171431e-17}