{"d": 1.6e-07, "H": 0.30526428655807286, "E": -2.23048369803e-17}