{"d": 1.6e-07, "H": 1.1305127224462546, "E": -7.43455519727e-17}