{"E": 1.0086405743999977e-18, "H": 0.9545452567039938}