{"E": 5.616091293500003e-18, "H": 1.1469998419153746}