{"E": 4.2592430509999856e-19, "H": 0.4393863195773499}