{"E": 3.772096422599995e-18, "H": 1.0465188935411227}