{"E": 1.7398201589999568e-19, "H": 0.7140948789521357}