{"E": 8.139584429199991e-18, "H": 1.0706344716555656}