{"E": 1.4686959343000008e-18, "H": 0.12152269818476434}