{"d": 1.6e-07, "H": 0.7897525671244984, "E": -4.50656383337e-17}