{"E": 2.732307275999982e-19, "H": 0.048397381135607716}