{"d": 1.6e-07, "H": 0.4536938722500533, "E": -2.99278620021e-17}