{"E": 3.381439414000006e-19, "H": 0.7520385821733719}