{"d": 1.6e-07, "H": 0.6273185104758006, "E": -3.88460370809e-17}