{"d": 1.6e-07, "H": 0.20512440864035072, "E": -1.46854520618e-17}