{"E": 1.4204977993999939e-18, "H": 1.1929253724128137}