{"E": 5.652257928699997e-18, "H": 0.9269515687798381}