{"d": 1.6e-07, "H": 0.7453627241490277, "E": -4.65869241799e-17}