{"d": 1.6e-07, "H": 0.8049275669085849, "E": -4.92858488535e-17}