{"E": 1.4110632616999997e-18, "H": 0.8049275669085849}