{"E": 4.469180096400006e-18, "H": 0.6516358443230307}