{"E": 6.670011660699997e-18, "H": 1.0636166570397383}