{"E": 5.072302539999987e-19, "H": 0.27203913743067176}