{"d": 1.6e-07, "H": 0.6516358443230307, "E": -4.04997520194e-17}