{"d": 1.6e-07, "H": 1.112307266850654, "E": -6.75359601928e-17}