{"E": 5.4567008683999966e-18, "H": 1.112307266850654}