{"E": 2.658841521700005e-18, "H": 1.1071872073552032}