{"E": 8.98343738900002e-19, "H": 0.9123660783014961}