{"E": 5.1262404092000075e-18, "H": 1.0485608360241712}