{"d": 1.6e-07, "H": 0.8897489695747208, "E": -5.67068460373e-17}