{"E": 5.5890287559e-18, "H": 1.140888569640036}