{"d": 1.6e-07, "H": 0.15675005568735337, "E": -1.44389744836e-17}