{"E": 1.3743069282000021e-18, "H": 0.7983981074624066}