{"d": 1.6e-07, "H": 0.7015080933424875, "E": -4.35213723439e-17}