{"d": 1.6e-07, "H": 0.6848079906719802, "E": -4.18455944307e-17}