{"E": 6.913918069999996e-19, "H": 0.6848079906719802}