{"E": 2.4288076678000013e-18, "H": 0.12152269818476434}