{"d": 1.6e-07, "H": 0.9864011704620863, "E": -5.760541112e-17}