{"d": 1.6e-07, "H": 0.6018498694066258, "E": -3.70820331686e-17}