{"d": 1.6e-07, "H": 0.8850705377887228, "E": -5.63715248242e-17}