{"E": 1.0957118233000011e-18, "H": 0.7506798559997826}