{"E": 2.662902311000006e-18, "H": 1.1086917079049514}