{"d": 1.6e-07, "H": 0.2780322901650048, "E": -2.27790378433e-17}