{"E": 2.1429407389999996e-18, "H": 0.9553442344939065}