{"d": 1.6e-07, "H": 0.8329917741232538, "E": -5.20179177147e-17}