{"E": 6.497824081000013e-19, "H": 0.8329917741232538}