{"E": 9.792526588000036e-19, "H": 0.4580104783438778}