{"d": 1.6e-07, "H": 0.9066727290485987, "E": -4.83197678003e-17}