{"E": 1.0725980634000077e-18, "H": 0.9817613249810861}