{"d": 1.6e-07, "H": 0.1200051235924728, "E": -1.78258242969e-17}