{"E": 6.9294881117000045e-18, "H": 1.1090159870748109}