{"E": 5.2087991751999936e-18, "H": 1.0636166570397383}