{"d": 1.6e-07, "H": 0.720271961003612, "E": -4.31988336674e-17}