{"E": 5.953816866999983e-19, "H": 0.6486426687537004}