{"d": 1.6e-07, "H": 0.8775627476181801, "E": -5.04982828366e-17}