{"d": 1.6e-07, "H": 0.9152481654382668, "E": -5.42726681838e-17}