{"E": 5.2668767115000035e-18, "H": 0.869261412570817}