{"d": 1.6e-07, "H": 0.869261412570817, "E": -4.99745310023e-17}