{"d": 1.6e-07, "H": 0.9581704014515433, "E": -5.94966005409e-17}