{"E": 1.1597011884000042e-18, "H": 1.0229688740778602}