{"E": 4.2650457030000067e-19, "H": 0.4053917977793284}