{"E": 1.4603196051000004e-18, "H": 0.18781819142144013}