{"E": 1.090690770500003e-18, "H": 0.9898962581019028}