{"d": 1.6e-07, "H": 0.3464189195738638, "E": -2.48467729412e-17}