{"E": 1.960608245700008e-18, "H": 0.9130732008672463}