{"d": 1.6e-07, "H": 0.8390011505117905, "E": -5.30921591839e-17}