{"E": 1.3992377841000001e-18, "H": 0.8028197934355251}