{"d": 1.6e-07, "H": 0.3578308540638109, "E": -2.57471026056e-17}