{"E": 4.497974042000008e-19, "H": 0.3412076337028001}