{"E": 6.379219093899989e-18, "H": 1.017422486013861}