{"E": 4.810625362199996e-18, "H": 0.9952270358071662}