{"E": 1.4155263217000004e-18, "H": 0.3143673455367346}