{"E": 2.6823452235999993e-18, "H": 0.3732134265854133}