{"E": 1.460353212100001e-18, "H": 0.29010798832463125}