{"E": 1.5137511434000009e-18, "H": 0.24864339638663877}