{"E": 1.4967969584999995e-18, "H": 0.8204690678947646}