{"d": 1.6e-07, "H": 0.9553442344939065, "E": -6.14456531605e-17}