{"E": 3.939432427099998e-18, "H": 0.1200051235924728}