{"d": 1.6e-07, "H": 0.6997767539785071, "E": -4.27394127183e-17}