{"E": 7.846723545999996e-19, "H": 0.6997767539785071}