{"E": 3.3523781699999895e-19, "H": 0.6045283471970404}