{"E": 3.6230564434999955e-18, "H": 0.8323528064593518}