{"d": 1.6e-07, "H": 0.2521333701349106, "E": -1.99194339274e-17}