{"E": 1.031797743299998e-18, "H": 0.9641370033042524}