{"d": 1.6e-07, "H": 0.8649326048187083, "E": -5.4176237093e-17}