{"E": 5.815477379699996e-18, "H": 1.1954039370060294}