{"d": 1.6e-07, "H": 1.1122117803842337, "E": -7.0313070852e-17}