{"E": 1.045216487999999e-18, "H": 0.9698279207025753}