{"d": 1.6e-07, "H": 0.5364265596607982, "E": -3.40471226769e-17}