{"E": 1.1144184674999987e-18, "H": 0.4214280801625913}