{"E": 4.505414280999998e-19, "H": 0.5097030848111216}