{"E": 1.3087858482999997e-18, "H": 0.35912517125114984}