{"d": 1.6e-07, "H": 0.6203451822046695, "E": -3.84101923502e-17}