{"d": 1.6e-07, "H": 0.9698279207025753, "E": -5.91101568683e-17}