{"E": 1.6542342177e-18, "H": 0.01842989869844196}