{"d": 1.6e-07, "H": 0.25887512480467534, "E": -2.01123486801e-17}