{"d": 1.6e-07, "H": 0.2794146286864358, "E": -2.13493746416e-17}