{"E": 5.897727462399996e-18, "H": 0.8027673907963068}