{"E": 3.3380905506999964e-18, "H": 0.7983981074624066}