{"d": 1.6e-07, "H": 0.32873211730156693, "E": -2.41564805514e-17}