{"d": 1.6e-07, "H": 0.8049275669085849, "E": -4.5986938392e-17}