{"E": 1.2494258907000014e-18, "H": 1.0718182521919446}