{"E": 5.252584755099995e-18, "H": 1.0718182521919446}