{"E": 5.221873106000011e-19, "H": 0.12024626663464288}