{"E": 6.616744364999984e-19, "H": 0.836415867916509}