{"E": 5.1429550043000006e-18, "H": 1.0515676079188805}