{"E": 9.599101891000003e-19, "H": 0.029335013094577887}