{"E": 5.137133094599994e-18, "H": 1.0505179873860966}