{"d": 1.6e-07, "H": 0.4780707630550361, "E": -3.01943524825e-17}