{"E": 1.3140541703000001e-18, "H": 1.112307266850654}