{"d": 1.6e-07, "H": 0.6052580022217073, "E": -3.78085557717e-17}