{"E": 2.2586357278e-18, "H": 0.6742951967549535}