{"d": 1.6e-07, "H": 1.072535115051649, "E": -7.00454649681e-17}