{"d": 1.6e-07, "H": 0.720271961003612, "E": -4.48910834545e-17}