{"E": 4.904407619000036e-19, "H": 0.7897525671244984}