{"E": 4.985427967799995e-18, "H": 0.8362432922424539}