{"d": 1.6e-07, "H": 0.1467594265549136, "E": -1.44180827836e-17}