{"E": 1.3008763906000013e-18, "H": 0.36202022621822944}