{"E": 2.416381296099992e-18, "H": 1.0282460428447024}