{"E": 4.538763501000008e-19, "H": 0.5151353728160908}