{"d": 1.6e-07, "H": 1.0274713182492725, "E": -6.43083242234e-17}