{"E": 2.2992461224000062e-18, "H": 0.9953320671441747}