{"d": 1.6e-07, "H": 0.6162651446715482, "E": -3.84363373305e-17}