{"E": 5.295706232399999e-18, "H": 1.0800518498321572}