{"E": 6.2305444389000065e-18, "H": 0.9953320671441747}