{"E": 1.0353575386000009e-18, "H": 0.25887512480467534}