{"d": 1.6e-07, "H": 0.9130732008672463, "E": -5.41316901919e-17}