{"E": 4.237588209200004e-18, "H": 0.7526268782292636}