{"E": 4.9721948899999995e-18, "H": 0.8347188180131706}