{"E": 3.1440667409999897e-19, "H": 0.746403496136002}