{"E": 3.155500503000006e-19, "H": 0.06405041147039583}