{"E": 6.902364682000011e-19, "H": 0.07527286362065425}