{"E": 4.2761584289999993e-19, "H": 0.3985035014914964}