{"d": 1.6e-07, "H": 0.1511396584396841, "E": -1.44260659637e-17}