{"E": 6.271133314000011e-19, "H": 0.6698909203044445}