{"E": 1.9860673994000002e-18, "H": 0.24864339638663877}