{"d": 1.6e-07, "H": 0.08067118301082754, "E": -1.68269985005e-17}