{"E": 1.4349712263000001e-18, "H": 0.10404936148175352}