{"E": 3.476125710899999e-18, "H": 0.6597066901473676}