{"E": 5.52846718999998e-19, "H": 0.55779369174165}