{"E": 4.795782207999999e-18, "H": 0.814596005866179}