{"E": 6.133298295699995e-18, "H": 0.9813592490631781}