{"d": 1.6e-07, "H": 0.9808002518152286, "E": -6.33009842789e-17}