{"d": 1.6e-07, "H": 0.9249011197760583, "E": -5.83055785082e-17}