{"d": 1.6e-07, "H": 0.37850545748998105, "E": -2.65929840956e-17}