{"E": 1.2084163384000002e-18, "H": 1.0485608360241712}