{"E": 2.4837934739000022e-18, "H": 1.0485608360241712}