{"E": 1.1167842960999995e-18, "H": 0.7541989561392994}