{"d": 1.6e-07, "H": 0.5020079073917587, "E": -3.22780999352e-17}