{"E": 5.236451970000002e-19, "H": 0.7983981074624066}