{"d": 1.6e-07, "H": 0.8843678484873443, "E": -5.09291383838e-17}