{"E": 2.1074058207000007e-18, "H": 0.280929955271993}