{"E": 4.362590502000001e-19, "H": 0.3687406800487892}