{"E": 4.983126190500007e-18, "H": 1.0236103138012014}