{"E": 8.18182591300001e-19, "H": 0.09343237728599144}