{"d": 1.6e-07, "H": 0.7983981074624066, "E": -5.0241275558e-17}