{"E": 5.300725861000004e-19, "H": 0.5988974734702452}