{"d": 1.6e-07, "H": 0.8081036758866661, "E": -4.61807260293e-17}