{"E": 5.246316351799994e-18, "H": 1.0706344716555656}