{"E": 4.986924761099996e-18, "H": 0.836415867916509}