{"E": 5.144816030999977e-19, "H": 0.5851306000927129}