{"E": 1.3492696049000004e-18, "H": 0.0045748663348678335}