{"E": 8.968822340999985e-19, "H": 0.7179679094332169}