{"E": 1.763042407200003e-18, "H": 0.5097030848111216}