{"E": 1.070010236100001e-18, "H": 0.746403496136002}