{"d": 1.6e-07, "H": 0.694413890698619, "E": -3.94607307706e-17}