{"d": 1.6e-07, "H": 0.9953320671441747, "E": -6.43636185288e-17}