{"d": 1.6e-07, "H": 0.6570880888695172, "E": -3.86335498848e-17}