{"E": 4.633899088000023e-19, "H": 0.3143673455367346}