{"d": 1.6e-07, "H": 0.8519665292898678, "E": -4.88899490114e-17}