{"E": 5.482442869000014e-19, "H": 0.6138269565112984}