{"d": 1.6e-07, "H": 0.048397381135607716, "E": -1.46797534487e-17}