{"E": 4.5936465251000005e-18, "H": 0.8049275669085849}