{"E": 6.945704632699994e-18, "H": 1.1120120774019429}