{"E": 1.4662396831000002e-18, "H": 0.2864676985120365}