{"d": 1.6e-07, "H": 0.4580104783438778, "E": -3.0131374609e-17}