{"E": 3.4655294158000045e-18, "H": 0.657065121899311}