{"E": 6.70582166000003e-19, "H": 0.8390011505117905}