{"E": 3.099963895999995e-19, "H": 0.7453627241490277}