{"E": 4.651686612399998e-18, "H": 0.7983981074624066}