{"d": 1.6e-07, "H": 0.9934355497864474, "E": -6.42247995651e-17}