{"E": 1.1683522464999949e-18, "H": 1.0273665437929667}