{"E": 6.610776407999971e-19, "H": 0.8362432922424539}