{"d": 1.6e-07, "H": 0.20974749177685456, "E": -1.90881307883e-17}