{"E": 4.494564654599999e-18, "H": 0.657065121899311}