{"E": 2.4951431111000026e-18, "H": 1.0520917899467686}