{"d": 1.6e-07, "H": 1.0520917899467686, "E": -6.60403591471e-17}