{"E": 4.870025454999995e-19, "H": 0.55779369174165}