{"d": 1.6e-07, "H": 0.013790040024915795, "E": -1.6507245578e-17}