{"E": 1.1859402236999999e-18, "H": 0.029335013094577887}