{"E": 1.5278748842999998e-18, "H": 0.17335539617312118}