{"E": 1.1637222261999984e-18, "H": 1.0250054051919253}