{"d": 1.6e-07, "H": 1.1086917079049514, "E": -7.00612814971e-17}