{"E": 2.6320857690000004e-18, "H": 1.0976181620612193}