{"d": 1.6e-07, "H": 0.30058798318292035, "E": -2.2127428131e-17}