{"d": 1.6e-07, "H": 1.0469586493867697, "E": -6.56783267353e-17}