{"E": 2.4786080591999996e-18, "H": 1.0469586493867697}