{"E": 2.632159098500011e-18, "H": 1.0976181620612193}