{"E": 2.0995616929999946e-18, "H": 0.9448716255746837}