{"E": 5.699959171399999e-18, "H": 1.1665884152288912}