{"d": 1.6e-07, "H": 0.9981815390658192, "E": -6.34636129745e-17}