{"E": 1.2147424294999988e-18, "H": 0.39123209010493915}