{"E": 1.1458129767999986e-18, "H": 0.6048755537013771}