{"d": 1.6e-07, "H": 0.6048755537013771, "E": -3.66410559485e-17}