{"d": 1.6e-07, "H": 0.2521333701349106, "E": -2.0408626012e-17}