{"E": 5.765939651599997e-18, "H": 1.1827621140750701}