{"d": 1.6e-07, "H": 0.0049577451594033485, "E": -1.50400782627e-17}