{"E": 7.242508889900001e-18, "H": 0.814596005866179}