{"E": 1.2054796825000017e-18, "H": 1.0469586493867697}