{"E": 7.953826883999966e-19, "H": 0.7015080933424875}