{"E": 6.001685661000004e-19, "H": 0.6519406712010998}