{"E": 1.0824520479999941e-18, "H": 0.9861663886355949}