{"E": 9.385311459000004e-19, "H": 0.3157191752225926}