{"E": 1.0059955242000005e-18, "H": 0.1200051235924728}