{"d": 1.6e-07, "H": 0.8237846523064629, "E": -5.0503898594e-17}