{"E": 3.4656211532000034e-18, "H": 0.6570880888695172}