{"d": 1.6e-07, "H": 0.6570880888695172, "E": -3.73582525417e-17}