{"E": 5.861484560399996e-18, "H": 0.9440337622094458}