{"d": 1.6e-07, "H": 0.1847971783887045, "E": -1.83929689265e-17}