{"E": 1.5330892032000004e-18, "H": 0.1847971783887045}