{"E": 1.2692120662999994e-18, "H": 0.3732134265854133}