{"d": 1.6e-07, "H": 0.3732134265854133, "E": -2.5104287291e-17}