{"d": 1.6e-07, "H": 0.6110638646468093, "E": -3.81388187994e-17}