{"d": 1.6e-07, "H": 1.1954039370060294, "E": -7.18319815542e-17}