{"E": 7.352678534199997e-18, "H": 1.1954039370060294}