{"E": 6.7188067187e-18, "H": 1.0718182521919446}