{"d": 1.6e-07, "H": 1.005939071376994, "E": -6.51407479775e-17}