{"E": 2.8430160416000075e-18, "H": 1.1814759805272004}