{"E": 2.5598019120000144e-19, "H": 0.7327626429589381}