{"d": 1.6e-07, "H": 0.9698279207025753, "E": -5.64491028351e-17}