{"E": 1.4790128853999986e-18, "H": 0.2780322901650048}