{"d": 1.6e-07, "H": 0.6699039315395161, "E": -3.80740228761e-17}