{"E": 1.444498201500001e-18, "H": 0.10862032555585044}