{"E": 4.8452890172e-18, "H": 0.8202076505365383}