{"d": 1.6e-07, "H": 0.07527286362065425, "E": -1.67663194427e-17}