{"E": 8.646346394999994e-19, "H": 0.10404936148175352}