{"E": 1.4787812652999993e-18, "H": 0.27819278671534964}