{"E": 1.5739317607999974e-18, "H": 0.8347188180131706}