{"E": 2.6720274358999922e-18, "H": 1.1120120774019429}