{"d": 1.6e-07, "H": 0.6848079906719802, "E": -4.25369862377e-17}