{"d": 1.6e-07, "H": 0.0680853551098887, "E": -1.73289681929e-17}