{"d": 1.6e-07, "H": 0.4393863195773499, "E": -2.88366164927e-17}