{"d": 1.6e-07, "H": 1.0520917899467686, "E": -6.85355022582e-17}