{"E": 2.157929029399998e-18, "H": 0.6486426687537004}