{"E": 4.240012135500002e-18, "H": 0.7528928307335971}