{"d": 1.6e-07, "H": 1.086844012242128, "E": -6.98300138205e-17}