{"d": 1.6e-07, "H": 0.4214280801625913, "E": -2.73332864453e-17}