{"E": 1.2906770188999942e-18, "H": 1.0970603286365799}