{"d": 1.6e-07, "H": 1.0202856143980115, "E": -5.97957259365e-17}