{"d": 1.6e-07, "H": 0.36656985749271903, "E": -2.48126330328e-17}