{"E": 1.1086140190000012e-18, "H": 0.7528928307335971}