{"E": 2.1938762404000003e-18, "H": 0.10404936148175352}