{"E": 1.5168198866000005e-18, "H": 0.012202489987678432}