{"E": 8.306994981e-19, "H": 0.09520598533519938}