{"E": 1.6901961784999999e-18, "H": 0.449000461495452}