{"d": 1.6e-07, "H": 0.6110638646468093, "E": -3.75940342817e-17}