{"E": 2.8732812255000005e-18, "H": 1.1954039370060294}