{"E": 6.1133464929999835e-19, "H": 0.06405041147039583}