{"E": 5.126240409300008e-18, "H": 1.0485608360241712}