{"E": 2.7456119491999945e-18, "H": 1.1402152872098037}