{"E": 5.011098965000003e-19, "H": 0.27785719330458286}