{"E": 4.505811426399998e-18, "H": 0.6594397013397775}