{"d": 1.6e-07, "H": 0.5536843308215675, "E": -3.49627927393e-17}