{"E": 5.760800109200004e-18, "H": 1.1814759805272004}