{"E": 6.711816383899988e-18, "H": 1.0706344716555656}