{"E": 2.913862221000028e-19, "H": 0.6138269565112984}