{"d": 1.6e-07, "H": 0.35912517125114984, "E": -2.57991420099e-17}