{"E": 9.576599277999958e-19, "H": 0.9343751092958316}