{"E": 5.571035221000019e-19, "H": 0.6207519568266823}