{"d": 1.6e-07, "H": 1.0369806453997337, "E": -6.23609463096e-17}