{"d": 1.6e-07, "H": 0.0045748663348678335, "E": -1.5043876216e-17}