{"E": 4.573734644000002e-19, "H": 0.5205078663632002}