{"E": 4.224501953000003e-19, "H": 0.4235723325794434}