{"E": 6.9277262342000024e-18, "H": 1.1086917079049514}