{"d": 1.6e-07, "H": 0.27819278671534964, "E": -2.13057455551e-17}