{"E": 5.307500889999961e-20, "H": 0.6873601795375328}