{"E": 5.127395818299999e-18, "H": 0.17335539617312118}