{"E": 5.117287417000005e-18, "H": 1.0469586493867697}