{"E": 1.5517995512999982e-18, "H": 0.013790040024915795}