{"E": 2.672569373500001e-18, "H": 1.1122117803842337}