{"E": 2.4052888850999946e-18, "H": 1.0250054051919253}