{"d": 1.6e-07, "H": 0.6597066901473676, "E": -3.64730199717e-17}