{"d": 1.6e-07, "H": 0.280929955271993, "E": -2.07710336952e-17}