{"d": 1.6e-07, "H": 0.4497821356648899, "E": -2.93171736031e-17}