{"E": 6.5682810096000035e-18, "H": 1.0469586493867697}