{"d": 1.6e-07, "H": 0.6546227281234838, "E": -4.05781099173e-17}