{"E": 4.885641412700001e-18, "H": 0.16233320056405595}