{"E": 2.7472973027999975e-18, "H": 1.140888569640036}