{"d": 1.6e-07, "H": 1.0800518498321572, "E": -7.06015337445e-17}