{"d": 1.6e-07, "H": 0.8115632219784964, "E": -5.05881877348e-17}