{"d": 1.6e-07, "H": 0.9898962581019028, "E": -5.77728358045e-17}