{"E": 5.997239247000024e-19, "H": 0.6516358443230307}