{"d": 1.6e-07, "H": 1.140888569640036, "E": -6.80212944461e-17}