{"E": 4.767219947999999e-19, "H": 0.048397381135607716}