{"E": 1.1318549900999972e-18, "H": 1.0092104846623406}