{"E": 6.444966579000005e-19, "H": 0.15679231120900416}