{"E": 1.4957268422000004e-18, "H": 0.13930175741253814}