{"d": 1.6e-07, "H": 0.13930175741253814, "E": -1.72863384315e-17}