{"E": 1.5356752877999994e-18, "H": 0.20512440864035072}