{"d": 1.6e-07, "H": 0.8467781858029751, "E": -5.29456649122e-17}