{"d": 1.6e-07, "H": 1.0505179873860966, "E": -6.4629241464e-17}