{"E": 7.38971601e-19, "H": 0.12152269818476434}