{"E": 3.152393444900002e-18, "H": 0.6207519568266823}