{"d": 1.6e-07, "H": 0.32873211730156693, "E": -2.46097383973e-17}