{"E": 1.7700775287999994e-18, "H": 0.7302987445748806}