{"E": 3.942629640399997e-18, "H": 0.720271961003612}