{"E": 2.2864044486999984e-18, "H": 0.7983981074624066}