{"E": 5.840588056999998e-19, "H": 0.814596005866179}