{"d": 1.6e-07, "H": 0.8329917741232538, "E": -5.26677001228e-17}