{"E": 5.0846817773999985e-18, "H": 0.8477523637167386}