{"d": 1.6e-07, "H": 1.0273665437929667, "E": -6.67142584679e-17}