{"E": 4.2718141180000067e-19, "H": 0.40095850213329115}