{"E": 1.0388577159000007e-18, "H": 0.01842989869844196}