{"E": 1.2157582940999994e-18, "H": 1.0526020064240975}