{"d": 1.6e-07, "H": 1.1469998419153746, "E": -6.99565516952e-17}