{"E": 1.479265067700001e-18, "H": 0.27785719330458286}