{"E": 1.2458693366999986e-18, "H": 0.05556525292833445}