{"E": 2.6742077587e-18, "H": 0.06405041147039583}