{"d": 1.6e-07, "H": 1.0518182900141038, "E": -6.73009840886e-17}