{"d": 1.6e-07, "H": 0.5823933515367479, "E": -3.60880530537e-17}