{"E": 1.4425851981e-18, "H": 0.048397381135607716}