{"d": 1.6e-07, "H": 0.836415867916509, "E": -4.92530019037e-17}