{"d": 1.6e-07, "H": 0.8028197934355251, "E": -5.00093322606e-17}