{"E": 5.403708524999968e-19, "H": 0.8028197934355251}