{"d": 1.6e-07, "H": 0.7464990043310208, "E": -4.63494548695e-17}