{"d": 1.6e-07, "H": 0.05767995912901584, "E": -1.25214035169e-17}