{"E": 3.4158004999999974e-19, "H": 0.0680853551098887}