{"d": 1.6e-07, "H": 0.9130732008672463, "E": -5.74838987448e-17}