{"E": 9.779768711000011e-19, "H": 0.012202489987678432}