{"E": 4.787946582000037e-19, "H": 0.7867600810417402}