{"E": 1.291552217300006e-18, "H": 1.0976181620612193}