{"E": 1.1382491120999987e-18, "H": 0.6018498694066258}