{"d": 1.6e-07, "H": 0.6018498694066258, "E": -3.64773475804e-17}