{"d": 1.6e-07, "H": 0.2184194658900835, "E": -1.48010188782e-17}