{"d": 1.6e-07, "H": 0.8329917741232538, "E": -4.90393812786e-17}