{"E": 8.755587909999977e-20, "H": 0.657065121899311}