{"E": 4.821029416000001e-19, "H": 0.10862032555585044}