{"E": 7.278004496000009e-19, "H": 0.1847971783887045}