{"E": 1.5829597289999965e-18, "H": 0.836415867916509}