{"E": 5.371941009000032e-19, "H": 0.6048755537013771}