{"d": 1.6e-07, "H": 0.7038115819871134, "E": -3.99985206403e-17}