{"d": 1.6e-07, "H": 1.0976181620612193, "E": -7.19027771665e-17}