{"E": 5.09457324599995e-19, "H": 0.5814367798799912}