{"E": 1.0585394640000115e-19, "H": 0.0045748663348678335}