{"E": 1.2181810161999985e-18, "H": 1.0539468285340443}