{"E": 4.2606937370000087e-19, "H": 0.3904728006143434}