{"E": 5.427652344000032e-19, "H": 0.6094349595627404}