{"d": 1.6e-07, "H": 0.5097030848111216, "E": -3.18998440155e-17}