{"d": 1.6e-07, "H": 0.9898962581019028, "E": -6.16869160356e-17}