{"E": 1.0461698160999998e-17, "H": 0.9965448251651002}