{"d": 1.6e-07, "H": 0.836415867916509, "E": -5.22477781279e-17}