{"d": 1.6e-07, "H": 0.907883323204455, "E": -5.80101965623e-17}