{"E": 1.0986423750000035e-18, "H": 0.9935376695424457}