{"E": 1.0608095106000016e-18, "H": 0.020055601051892014}