{"d": 1.6e-07, "H": 0.6587923843405451, "E": -3.38734918438e-17}