{"d": 1.6e-07, "H": 0.9691994577359738, "E": -6.14107238891e-17}