{"E": 1.0323887574599997e-17, "H": 0.9813592490631781}