{"d": 1.6e-07, "H": 0.9813592490631781, "E": -5.3017927863e-17}