{"d": 1.6e-07, "H": 1.1122117803842337, "E": -6.6038789697e-17}