{"E": 6.946781569800003e-18, "H": 1.1122117803842337}