{"d": 1.6e-07, "H": 0.30526428655807286, "E": -2.37383080789e-17}