{"E": 4.275795430099992e-18, "H": 1.1770707825786892}