{"E": 5.956804409000002e-19, "H": 0.6488495684507151}