{"d": 1.6e-07, "H": 1.1120120774019429, "E": -7.29707436869e-17}