{"E": 7.055942733999984e-19, "H": 0.5238139349280231}