{"d": 1.6e-07, "H": 0.1200051235924728, "E": -1.44077503934e-17}