{"d": 1.6e-07, "H": 0.7983981074624066, "E": -4.79548711093e-17}