{"E": 4.739830579000021e-19, "H": 0.3011478869087649}