{"E": 3.921674757699997e-18, "H": 0.7179679094332169}