{"E": 6.4497925722000005e-18, "H": 1.0282460428447024}