{"d": 1.6e-07, "H": 0.9488281907779279, "E": -5.6465947202e-17}