{"d": 1.6e-07, "H": 0.37850545748998105, "E": -2.53393301599e-17}