{"d": 1.6e-07, "H": 0.195629753846063, "E": -1.86872062889e-17}