{"E": 5.606132027599999e-18, "H": 0.195629753846063}