{"d": 1.6e-07, "H": 0.9713599753359391, "E": -6.15632105342e-17}