{"E": 1.5641463761000013e-18, "H": 0.7038115819871134}