{"E": 1.1941861761999996e-18, "H": 0.1467594265549136}