{"E": 4.620557874000015e-19, "H": 0.10282549835843335}