{"E": 3.628318844199998e-18, "H": 0.8329917741232538}