{"E": 1.9313830646000008e-18, "H": 0.9066727290485987}