{"d": 1.6e-07, "H": 0.32024137384710866, "E": -2.28864504361e-17}