{"E": 1.4032480242999974e-18, "H": 0.32024137384710866}