{"E": 4.264363066800009e-18, "H": 1.1735348343250152}