{"E": 4.2517933350000042e-19, "H": 0.4235723325794434}