{"E": 3.793305336500001e-18, "H": 0.7038115819871134}