{"E": 8.73470800400002e-19, "H": 0.0045748663348678335}