{"d": 1.6e-07, "H": 0.809569514778482, "E": -5.10215233575e-17}