{"E": 1.6643782388000013e-18, "H": 0.8519665292898678}