{"d": 1.6e-07, "H": 0.8202076505365383, "E": -5.11630966002e-17}