{"E": 1.0539352646999965e-18, "H": 0.43826723536548595}