{"E": 3.5945997250000048e-19, "H": 0.7571489064156133}