{"d": 1.6e-07, "H": 0.3464189195738638, "E": -2.52935999269e-17}