{"E": 1.4016817766999943e-18, "H": 1.1770707825786892}