{"E": 1.3091023852999986e-18, "H": 1.1090159870748109}