{"E": 1.3540370951999955e-18, "H": 1.1402152872098037}