{"E": 9.261394900999975e-19, "H": 0.471480948213937}