{"d": 1.6e-07, "H": 0.7015080933424875, "E": -4.36388875284e-17}