{"d": 1.6e-07, "H": 0.020055601051892014, "E": -1.64145389133e-17}