{"d": 1.6e-07, "H": 0.8843678484873443, "E": -5.63211944013e-17}