{"E": 5.1207267886999996e-18, "H": 0.8519665292898678}