{"E": 4.253894082000059e-19, "H": 0.43261990503454334}