{"d": 1.6e-07, "H": 0.43261990503454334, "E": -2.85274732591e-17}