{"E": 8.566783187999982e-19, "H": 0.0049577451594033485}