{"d": 1.6e-07, "H": 0.4393863195773499, "E": -2.92625407978e-17}