{"E": 1.1614437178000064e-18, "H": 1.0238498196198644}