{"d": 1.6e-07, "H": 0.9175643761190703, "E": -5.44229489234e-17}