{"E": 1.4770033800000011e-18, "H": 0.2794146286864358}