{"E": 5.6738936648999935e-18, "H": 1.1603903092753214}