{"E": 5.074692982999978e-19, "H": 0.5785806608969681}