{"E": 4.0784204507000035e-18, "H": 0.8897489695747208}