{"d": 1.6e-07, "H": 0.12152269818476434, "E": -1.73635598368e-17}