{"E": 8.819751221000021e-19, "H": 0.4175134329531739}