{"E": 1.2653124919000007e-18, "H": 0.37455181058587345}