{"E": 4.841881284000043e-19, "H": 0.554693781571518}