{"d": 1.6e-07, "H": 0.32873211730156693, "E": -2.41520570368e-17}