{"d": 1.6e-07, "H": 1.0465188935411227, "E": -6.43524175434e-17}