{"d": 1.6e-07, "H": 0.1511396584396841, "E": -1.75539931943e-17}