{"d": 1.6e-07, "H": 1.1814759805272004, "E": -7.23831676433e-17}