{"E": 4.8085361124e-18, "H": 0.8160392176894741}