{"d": 1.6e-07, "H": 1.0273665437929667, "E": -6.02701447433e-17}