{"E": 5.114824411000005e-18, "H": 1.0465188935411227}