{"E": 4.0339537817000035e-18, "H": 0.7302987445748806}