{"E": 2.6629723006000087e-18, "H": 1.1086917079049514}