{"E": 4.382457626000023e-19, "H": 0.36391876069348517}