{"E": 1.2632421847000026e-18, "H": 1.0800518498321572}