{"d": 1.6e-07, "H": 1.0800518498321572, "E": -6.93382915598e-17}