{"E": 4.8475896731999954e-18, "H": 0.8204690678947646}