{"d": 1.6e-07, "H": 0.471480948213937, "E": -2.9848550063e-17}