{"d": 1.6e-07, "H": 0.6594397013397775, "E": -4.09641561112e-17}