{"E": 1.253653935699999e-18, "H": 0.37850545748998105}