{"E": 9.089289329999998e-19, "H": 0.10628000491945659}