{"d": 1.6e-07, "H": 0.4348386023907413, "E": -2.79875539837e-17}