{"E": 9.945091049999986e-19, "H": 0.9488281907779279}