{"E": 5.698310336400003e-18, "H": 1.1661932580993006}