{"E": 2.4504379185000008e-18, "H": 0.12314500844208708}