{"E": 8.531260587000029e-19, "H": 0.0045748663348678335}