{"d": 1.6e-07, "H": 0.9953320671441747, "E": -5.81330740899e-17}