{"E": 1.0138185923999998e-18, "H": 0.449000461495452}