{"E": 6.596780620600004e-18, "H": 1.0515676079188805}