{"d": 1.6e-07, "H": 1.0515676079188805, "E": -6.19000525863e-17}