{"d": 1.6e-07, "H": 0.17335539617312118, "E": -1.96227970691e-17}