{"d": 1.6e-07, "H": 1.1665884152288912, "E": -7.56440608395e-17}