{"d": 1.6e-07, "H": 1.1770707825786892, "E": -7.64133516307e-17}