{"d": 1.6e-07, "H": 0.8049275669085849, "E": -5.06969121152e-17}