{"d": 1.6e-07, "H": 0.8115632219784964, "E": -4.97130761648e-17}