{"E": 1.4664762568000013e-18, "H": 0.12024626663464288}