{"d": 1.6e-07, "H": 0.43261990503454334, "E": -2.89528626673e-17}