{"E": 1.1609704449999998e-18, "H": 1.0236103138012014}