{"d": 1.6e-07, "H": 0.8843678484873443, "E": -5.22838797528e-17}