{"E": 4.1438693896999986e-18, "H": 0.1290774946406727}