{"E": 2.2986827853000005e-18, "H": 0.9951803409357836}