{"E": 6.443548725800005e-18, "H": 1.0273665437929667}