{"d": 1.6e-07, "H": 1.0485608360241712, "E": -6.70666538258e-17}