{"E": 3.6174039839999673e-19, "H": 0.5988974734702452}