{"E": 2.8259346789999926e-18, "H": 1.173866898580667}