{"E": 1.5049412459000009e-18, "H": 0.1467594265549136}