{"E": 9.347525454000035e-19, "H": 0.4693248327960347}