{"E": 5.455284081899993e-18, "H": 1.1120120774019429}