{"E": 5.413884251999959e-19, "H": 0.6083172423355067}