{"E": 3.655035579899997e-18, "H": 0.8362432922424539}