{"E": 2.940962809600003e-18, "H": 0.7526268782292636}