{"E": 1.1609210872999995e-18, "H": 1.0235853459745574}