{"E": 4.8695354481e-18, "H": 0.16160298068677026}