{"d": 1.6e-07, "H": 0.8160392176894741, "E": -5.14748771774e-17}