{"d": 1.6e-07, "H": 0.9291651296158059, "E": -5.63872685557e-17}