{"E": 3.0546513300000013e-19, "H": 0.05767995912901584}