{"d": 1.6e-07, "H": 1.0847157664043714, "E": -7.09467853717e-17}