{"E": 1.4334710986e-18, "H": 0.30526428655807286}