{"d": 1.6e-07, "H": 1.0976181620612193, "E": -7.06112249492e-17}