{"E": 5.3067405560999965e-18, "H": 0.8850705377887228}