{"d": 1.6e-07, "H": 0.9951803409357836, "E": -6.20538283929e-17}