{"E": 1.214890277299997e-18, "H": 1.0521215565114765}