{"d": 1.6e-07, "H": 0.8267534068632554, "E": -5.22279510511e-17}