{"E": 3.518139163200001e-18, "H": 0.8197104804685906}