{"E": 2.0135041163999985e-18, "H": 0.9249011197760583}