{"E": 4.253617900000017e-19, "H": 0.4175134329531739}