{"d": 1.6e-07, "H": 1.0238498196198644, "E": -6.52942479515e-17}