{"d": 1.6e-07, "H": 1.1954039370060294, "E": -7.77613080119e-17}