{"E": 5.142955004400001e-18, "H": 1.0515676079188805}