{"d": 1.6e-07, "H": 0.6162651446715482, "E": -3.8156461689e-17}