{"d": 1.6e-07, "H": 1.0976181620612193, "E": -6.9270618068e-17}