{"E": 5.440845526700009e-18, "H": 1.1090159870748109}