{"E": 5.447845176999951e-19, "H": 0.6110638646468093}