{"E": 1.4021413198000013e-18, "H": 0.32075843640140855}