{"E": 9.603248960299993e-18, "H": 0.9066727290485987}