{"E": 7.077519401000016e-19, "H": 0.6873601795375328}