{"d": 1.6e-07, "H": 0.6286693467032295, "E": -3.8930781486e-17}