{"E": 2.2128708940000317e-19, "H": 0.6286693467032295}