{"E": 1.1414084479999952e-18, "H": 1.0138643716232256}