{"E": 3.279248762000011e-19, "H": 0.06415061172236722}