{"d": 1.6e-07, "H": 0.17335539617312118, "E": -1.65533465547e-17}