{"E": 5.4392763797000015e-18, "H": 1.1086917079049514}