{"d": 1.6e-07, "H": 1.0469586493867697, "E": -6.6951455112e-17}