{"E": 2.7652392217000012e-18, "H": 0.0680853551098887}