{"E": 9.900919529999784e-20, "H": 0.6546227281234838}