{"d": 1.6e-07, "H": 1.112307266850654, "E": -6.89451533511e-17}