{"E": 1.0329097887000026e-18, "H": 0.9646048372886914}