{"E": 2.8628912290000008e-18, "H": 0.5205078663632002}