{"E": 4.2784910880000045e-19, "H": 0.3972753947061752}