{"E": 1.5097779574000006e-18, "H": 0.1511396584396841}