{"E": 2.413380185000005e-18, "H": 1.0273665437929667}