{"d": 1.6e-07, "H": 0.06405041147039583, "E": -1.5605796109e-17}