{"d": 1.6e-07, "H": 1.0485608360241712, "E": -6.82750701642e-17}