{"d": 1.6e-07, "H": 0.9249011197760583, "E": -5.72246839635e-17}