{"d": 1.6e-07, "H": 0.6699039315395161, "E": -4.15918873264e-17}