{"E": 4.285268659399996e-18, "H": 0.9175643761190703}