{"E": 4.214361663400008e-18, "H": 0.907883323204455}