{"E": 5.00929373600001e-19, "H": 0.2780322901650048}