{"E": 7.353343181000004e-18, "H": 1.1955561140906563}