{"d": 1.6e-07, "H": 0.9269515687798381, "E": -5.93864490622e-17}