{"E": 6.673230507299996e-18, "H": 1.0718182521919446}