{"E": 1.0281957872000015e-18, "H": 0.12314500844208708}