{"d": 1.6e-07, "H": 0.12314500844208708, "E": -1.73876865711e-17}