{"E": 4.99121072099999e-19, "H": 0.2797978667076925}