{"E": 4.657492800300001e-18, "H": 0.9713599753359391}