{"d": 1.6e-07, "H": 0.8323809952950884, "E": -5.26246054817e-17}