{"d": 1.6e-07, "H": 0.3687406800487892, "E": -2.57533234825e-17}