{"d": 1.6e-07, "H": 0.6570880888695172, "E": -4.02161300303e-17}