{"E": 5.657478867000016e-19, "H": 0.6273185104758006}