{"E": 1.7384190829000042e-18, "H": 0.4944378982150204}