{"d": 1.6e-07, "H": 0.9813592490631781, "E": -6.10953706472e-17}