{"E": 2.7950560377999972e-18, "H": 0.471480948213937}