{"d": 1.6e-07, "H": 0.471480948213937, "E": -2.79796335153e-17}