{"E": 1.1220625241000013e-18, "H": 1.0045093174691133}