{"d": 1.6e-07, "H": 0.6873601795375328, "E": -4.27045824748e-17}