{"E": 2.880058938099999e-18, "H": 0.15675005568735337}