{"d": 1.6e-07, "H": 0.720271961003612, "E": -4.46897241978e-17}