{"E": 9.845829925999955e-19, "H": 0.9448716255746837}