{"d": 1.6e-07, "H": 0.3776348592575295, "E": -2.53004977158e-17}