{"d": 1.6e-07, "H": 0.020055601051892014, "E": -1.65890837217e-17}