{"E": 8.206170389000034e-19, "H": 0.4971364459437102}