{"E": 2.097074522199999e-18, "H": 0.2780322901650048}