{"d": 1.6e-07, "H": 1.1141259767768092, "E": -6.6208707551e-17}