{"E": 1.2142884794000052e-18, "H": 1.051788883420381}