{"d": 1.6e-07, "H": 0.9864011704620863, "E": -6.2627287887e-17}