{"d": 1.6e-07, "H": 0.3985035014914964, "E": -2.70130719128e-17}