{"E": 1.5202282166000016e-18, "H": 0.16233320056405595}