{"E": 4.2409356710000017e-19, "H": 0.40095850213329115}