{"E": 4.058908862700001e-18, "H": 0.5364265596607982}