{"E": 3.708570721100004e-18, "H": 0.694413890698619}