{"d": 1.6e-07, "H": 1.0706344716555656, "E": -6.46586167113e-17}