{"d": 1.6e-07, "H": 0.37850545748998105, "E": -2.38923465998e-17}