{"E": 4.351809808000013e-19, "H": 0.4780707630550361}