{"d": 1.6e-07, "H": 0.05767995912901584, "E": -1.65853857441e-17}