{"E": 5.665838933999993e-19, "H": 0.05767995912901584}