{"E": 1.0745483784999979e-18, "H": 0.029335013094577887}