{"d": 1.6e-07, "H": 0.029335013094577887, "E": -1.63491255691e-17}