{"E": 3.674512357999984e-19, "H": 0.029335013094577887}