{"E": 5.270733001599993e-18, "H": 1.0752641036873176}