{"d": 1.6e-07, "H": 1.0752641036873176, "E": -6.49765627078e-17}