{"E": 2.7006374957999985e-18, "H": 0.37850545748998105}