{"E": 2.824030879300003e-18, "H": 0.4971364459437102}