{"d": 1.6e-07, "H": 0.4971364459437102, "E": -2.9209968865e-17}