{"d": 1.6e-07, "H": 0.6594397013397775, "E": -3.64583446848e-17}