{"d": 1.6e-07, "H": 0.36202022621822944, "E": -2.54769123211e-17}