{"d": 1.6e-07, "H": 0.3464189195738638, "E": -2.39514999475e-17}