{"E": 1.342099979399999e-18, "H": 0.3464189195738638}