{"d": 1.6e-07, "H": 0.7571489064156133, "E": -4.70318579668e-17}