{"E": 4.8409121717000015e-18, "H": 0.8197104804685906}