{"E": 4.574134803600001e-18, "H": 0.7897525671244984}