{"E": 7.321349347400005e-18, "H": 0.9641370033042524}