{"d": 1.6e-07, "H": 1.0976181620612193, "E": -6.92706913975e-17}