{"d": 1.6e-07, "H": 0.20974749177685456, "E": -2.06232267665e-17}