{"E": 1.4127487656000009e-18, "H": 0.3157191752225926}