{"d": 1.6e-07, "H": 0.3157191752225926, "E": -2.27086915021e-17}