{"d": 1.6e-07, "H": 0.8197104804685906, "E": -4.82144649541e-17}