{"d": 1.6e-07, "H": 0.27203913743067176, "E": -2.10881348641e-17}