{"d": 1.6e-07, "H": 1.1071872073552032, "E": -7.26125920796e-17}