{"E": 1.4367067089999995e-18, "H": 0.809569514778482}