{"E": 4.252519829700003e-18, "H": 0.9130732008672463}