{"E": 1.7589486669000006e-18, "H": 0.7288630436479365}