{"d": 1.6e-07, "H": 0.3578308540638109, "E": -2.53099682197e-17}