{"d": 1.6e-07, "H": 0.8160392176894741, "E": -5.08855505994e-17}