{"E": 8.964445006999984e-19, "H": 0.7179679094332169}