{"d": 1.6e-07, "H": 0.7179679094332169, "E": -4.38401113345e-17}