{"E": 6.118674095000021e-19, "H": 0.1467594265549136}