{"E": 1.0829734693999986e-18, "H": 0.9864011704620863}