{"E": 2.3746278402999953e-18, "H": 1.016188363672831}