{"E": 1.4846346417999986e-18, "H": 0.2740370301783385}