{"d": 1.6e-07, "H": 0.7474323434833914, "E": -4.67278279444e-17}