{"E": 1.1068894784999993e-18, "H": 0.4235723325794434}