{"E": 1.175151844999964e-19, "H": 0.7015080933424875}