{"d": 1.6e-07, "H": 0.8237846523064629, "E": -5.20190045091e-17}