{"E": 2.6638603718000035e-18, "H": 1.1090159870748109}