{"E": 6.1677542684e-18, "H": 0.9951803409357836}