{"E": 4.290652181000018e-19, "H": 0.4580104783438778}