{"E": 7.219832614600008e-18, "H": 1.1661932580993006}