{"d": 1.6e-07, "H": 1.1661932580993006, "E": -6.9783449932e-17}