{"d": 1.6e-07, "H": 0.8637599795213791, "E": -4.97260814721e-17}