{"E": 4.5696897611000075e-18, "H": 0.9581704014515433}