{"E": 8.823497884999916e-19, "H": 0.9066727290485987}