{"d": 1.6e-07, "H": 0.23642418523566786, "E": -2.14225479912e-17}