{"d": 1.6e-07, "H": 0.8390011505117905, "E": -4.94145454236e-17}