{"d": 1.6e-07, "H": 0.10862032555585044, "E": -1.81048485186e-17}