{"E": 4.345622510999998e-19, "H": 0.3732134265854133}