{"E": 3.0209951700000217e-19, "H": 0.020055601051892014}