{"E": 1.4480390127999998e-18, "H": 0.8115632219784964}