{"d": 1.6e-07, "H": 0.012202489987678432, "E": -1.62404013916e-17}