{"d": 1.6e-07, "H": 1.1141259767768092, "E": -7.3127711091e-17}