{"E": 6.250071429400001e-18, "H": 0.9981815390658192}