{"E": 4.2675162909999886e-19, "H": 0.4036656421305797}