{"E": 4.365541721999977e-19, "H": 0.35912517125114984}