{"E": 6.578218801799997e-18, "H": 1.0485608360241712}