{"d": 1.6e-07, "H": 0.4693248327960347, "E": -2.97361320079e-17}