{"d": 1.6e-07, "H": 0.9646048372886914, "E": -5.34108230331e-17}