{"E": 1.3576590672000007e-18, "H": 0.0049577451594033485}