{"d": 1.6e-07, "H": 0.5097030848111216, "E": -3.22163514659e-17}