{"d": 1.6e-07, "H": 0.6699039315395161, "E": -3.44799169115e-17}