{"E": 5.9697698023e-18, "H": 0.9586195626295599}