{"E": 4.491387844000001e-19, "H": 0.5073136042405212}