{"E": 2.474579990499996e-18, "H": 0.6997767539785071}