{"E": 1.4396841187000008e-18, "H": 0.10628000491945659}