{"d": 1.6e-07, "H": 0.6587923843405451, "E": -4.08460480501e-17}