{"E": 3.2757712070000037e-19, "H": 0.06405041147039583}