{"E": 1.1051413429000018e-18, "H": 0.9965448251651002}