{"d": 1.6e-07, "H": 0.6594397013397775, "E": -3.74891055007e-17}