{"E": 5.010315681999994e-18, "H": 1.0282460428447024}