{"E": 4.409872840000004e-19, "H": 0.3578308540638109}