{"E": 2.935792570100002e-18, "H": 0.7520385821733719}