{"E": 1.826228427099995e-18, "H": 0.8843678484873443}