{"E": 7.1268537907e-18, "H": 1.1469998419153746}