{"E": 1.4107956823999995e-18, "H": 0.09343237728599144}