{"E": 6.271333869999988e-19, "H": 0.6699039315395161}