{"E": 1.4129238997e-18, "H": 0.1796772163756774}