{"E": 1.0696392606000031e-18, "H": 0.746403496136002}