{"E": 1.422627085000001e-18, "H": 1.1947724585988408}