{"d": 1.6e-07, "H": 0.20974749177685456, "E": -1.47230046668e-17}