{"d": 1.6e-07, "H": 0.8775627476181801, "E": -5.05916079426e-17}