{"E": 5.242636636199995e-18, "H": 0.8775627476181801}