{"E": 6.040999254999959e-19, "H": 0.6546227281234838}