{"E": 4.2473405625999986e-18, "H": 0.9123660783014961}