{"d": 1.6e-07, "H": 0.9123660783014961, "E": -5.40858845223e-17}