{"d": 1.6e-07, "H": 0.24864339638663877, "E": -2.12728801953e-17}