{"E": 5.342339518000011e-19, "H": 0.24864339638663877}