{"E": 2.9460389833e-18, "H": 0.16233320056405595}