{"d": 1.6e-07, "H": 1.1090159870748109, "E": -7.27483234233e-17}