{"E": 1.354958711399995e-18, "H": 1.140888569640036}