{"E": 5.675550313000027e-19, "H": 0.6286693467032295}