{"d": 1.6e-07, "H": 0.9641370033042524, "E": -6.10537836438e-17}