{"E": 1.0705853526000037e-18, "H": 0.7464990043310208}