{"E": 5.213585235999977e-19, "H": 0.1200051235924728}