{"d": 1.6e-07, "H": 0.5814367798799912, "E": -3.64741876014e-17}