{"E": 1.4706582880000062e-19, "H": 0.012202489987678432}