{"d": 1.6e-07, "H": 0.6488495684507151, "E": -3.97390460649e-17}