{"d": 1.6e-07, "H": 0.36656985749271903, "E": -2.61008451682e-17}