{"d": 1.6e-07, "H": 1.0970603286365799, "E": -6.64792563682e-17}