{"d": 1.6e-07, "H": 0.05556525292833445, "E": -1.58364257323e-17}