{"d": 1.6e-07, "H": 0.2448758754028829, "E": -1.51130181314e-17}