{"E": 4.3344356950000073e-19, "H": 0.36656985749271903}