{"E": 4.205332594899998e-18, "H": 0.906661915903076}