{"E": 1.3886989742999978e-18, "H": 1.1665884152288912}