{"E": 7.341813013700003e-18, "H": 1.1929253724128137}