{"E": 5.064128434999963e-19, "H": 0.5785806608969681}