{"d": 1.6e-07, "H": 0.8049275669085849, "E": -4.61032655901e-17}