{"d": 1.6e-07, "H": 0.8362432922424539, "E": -5.28972617236e-17}