{"E": 4.6547885578e-18, "H": 0.8115632219784964}