{"E": 3.551109412300001e-18, "H": 0.10282549835843335}