{"E": 1.6922497870999983e-18, "H": 0.720271961003612}