{"E": 1.9535125890000043e-19, "H": 0.0049577451594033485}