{"d": 1.6e-07, "H": 0.9953320671441747, "E": -6.32610908365e-17}