{"E": 1.146127385300005e-18, "H": 1.016188363672831}