{"E": 1.3299738958000027e-18, "H": 0.790605703246432}