{"d": 1.6e-07, "H": 0.790605703246432, "E": -4.83690618955e-17}