{"d": 1.6e-07, "H": 0.6094349595627404, "E": -3.80459630444e-17}