{"E": 1.4323332508000013e-18, "H": 0.10282549835843335}