{"d": 1.6e-07, "H": 0.6138269565112984, "E": -3.77492740089e-17}