{"E": 4.486844427999997e-19, "H": 0.09896463765738081}