{"d": 1.6e-07, "H": 0.09896463765738081, "E": -1.745897806e-17}