{"d": 1.6e-07, "H": 0.36369963048148934, "E": -2.55457063477e-17}