{"d": 1.6e-07, "H": 0.8519665292898678, "E": -5.02279614895e-17}