{"E": 1.0174732958999986e-18, "H": 0.9581704014515433}