{"E": 3.47850447399998e-19, "H": 0.6018498694066258}