{"E": 7.514690551000044e-19, "H": 0.694413890698619}