{"d": 1.6e-07, "H": 0.6699039315395161, "E": -4.15642923898e-17}