{"E": 1.2850047065000027e-18, "H": 1.0934684341269973}