{"E": 9.127108402000017e-19, "H": 0.9175643761190703}