{"d": 1.6e-07, "H": 0.08067118301082754, "E": -1.56774265227e-17}