{"E": 1.3167685002000007e-18, "H": 1.1141259767768092}