{"d": 1.6e-07, "H": 0.01842989869844196, "E": -1.55878538682e-17}