{"E": 7.153167652999991e-19, "H": 0.18781819142144013}