{"d": 1.6e-07, "H": 1.072535115051649, "E": -6.47890926597e-17}