{"E": 7.2637559537e-18, "H": 0.6873601795375328}