{"E": 1.5954744660000286e-19, "H": 0.7108584663581602}