{"d": 1.6e-07, "H": 0.12024626663464288, "E": -1.78302431109e-17}