{"d": 1.6e-07, "H": 0.18781819142144013, "E": -2.00078606717e-17}