{"E": 7.327274829400002e-18, "H": 1.1955561140906563}