{"d": 1.6e-07, "H": 1.1955561140906563, "E": -7.18687616119e-17}