{"E": 2.4771809205000057e-18, "H": 1.0465188935411227}