{"E": 7.773223480999997e-19, "H": 0.5073136042405212}