{"E": 7.201089595999986e-19, "H": 0.5205078663632002}