{"d": 1.6e-07, "H": 0.833905885471391, "E": -4.90963727403e-17}