{"E": 9.824654969999896e-19, "H": 0.9440337622094458}