{"d": 1.6e-07, "H": 0.3897436513000985, "E": -2.66363017068e-17}