{"E": 3.5767726487e-18, "H": 0.8267534068632554}