{"E": 2.6777485824000046e-18, "H": 1.1141259767768092}