{"d": 1.6e-07, "H": 0.7541989561392994, "E": -4.60727597306e-17}