{"d": 1.6e-07, "H": 0.12282567902694742, "E": -1.44058063271e-17}