{"d": 1.6e-07, "H": 0.013790040024915795, "E": -1.55694231901e-17}