{"E": 2.1020236003000004e-18, "H": 0.2794146286864358}