{"E": 2.5571034817000023e-18, "H": 0.13120496795805647}