{"E": 1.7078687337000008e-18, "H": 0.0680853551098887}