{"d": 1.6e-07, "H": 1.0138643716232256, "E": -5.93664951803e-17}