{"E": 4.643265116299992e-18, "H": 0.9691994577359738}