{"E": 1.5340096317999978e-18, "H": 0.18781819142144013}