{"E": 1.6534512023999982e-18, "H": 0.06405041147039583}