{"d": 1.6e-07, "H": 0.7108584663581602, "E": -4.41015310451e-17}