{"E": 1.3845506036000009e-18, "H": 0.32873211730156693}