{"E": 5.3752029574e-18, "H": 0.1847971783887045}