{"E": 3.88602223e-18, "H": 0.8649326048187083}