{"E": 4.832851647999988e-19, "H": 0.5536843308215675}