{"E": 5.585719456000018e-19, "H": 0.6218801135687254}