{"E": 3.790168296600003e-18, "H": 1.0505179873860966}