{"E": 4.444461719999989e-19, "H": 0.5020079073917587}