{"E": 2.8732328805000024e-18, "H": 1.1954039370060294}