{"E": 9.003112768000016e-19, "H": 0.9130732008672463}