{"E": 1.2138878497000071e-18, "H": 1.0515676079188805}