{"E": 1.3250901349000014e-18, "H": 0.7897525671244984}