{"E": 6.026414266000033e-19, "H": 0.8197104804685906}