{"d": 1.6e-07, "H": 0.4944378982150204, "E": -3.1457199952e-17}