{"E": 1.4764404298000002e-18, "H": 0.2797978667076925}