{"d": 1.6e-07, "H": 1.1090159870748109, "E": -6.73074778967e-17}