{"d": 1.6e-07, "H": 1.1929253724128137, "E": -7.16575734124e-17}