{"E": 1.0185608309000081e-18, "H": 0.9586195626295599}