{"E": 5.397820078199994e-18, "H": 0.8850705377887228}