{"E": 1.1167042400999985e-18, "H": 1.0019658059640772}