{"E": 2.0692207389999972e-19, "H": 0.029335013094577887}