{"d": 1.6e-07, "H": 0.10282549835843335, "E": -1.65532531058e-17}