{"E": 4.003052486799999e-18, "H": 0.12282567902694742}