{"E": 5.513329903999961e-19, "H": 0.6162651446715482}