{"E": 9.452171670999955e-19, "H": 0.46669098222518246}