{"d": 1.6e-07, "H": 1.1603903092753214, "E": -7.51896956049e-17}