{"d": 1.6e-07, "H": 0.599718986535895, "E": -3.69642575334e-17}