{"d": 1.6e-07, "H": 1.0847157664043714, "E": -6.56270217455e-17}