{"E": 5.319763626200002e-18, "H": 1.0847157664043714}