{"E": 3.68099790199999e-19, "H": 0.5975447174747467}