{"E": 2.2925697972999984e-18, "H": 0.9935376695424457}