{"E": 1.3882009231000097e-18, "H": 1.1661932580993006}