{"E": 2.5335705599999684e-19, "H": 0.6218801135687254}