{"d": 1.6e-07, "H": 0.9965448251651002, "E": -6.2148668489e-17}