{"d": 1.6e-07, "H": 1.1827621140750701, "E": -7.68314747635e-17}