{"E": 8.319669482000024e-19, "H": 0.4944378982150204}