{"E": 4.118578929400001e-18, "H": 0.7541989561392994}