{"d": 1.6e-07, "H": 0.36391876069348517, "E": -2.59929421708e-17}