{"E": 7.01643200399998e-19, "H": 0.08067118301082754}