{"d": 1.6e-07, "H": 0.4175134329531739, "E": -2.71450691434e-17}