{"E": 2.5306822447000008e-18, "H": 0.05767995912901584}