{"d": 1.6e-07, "H": 0.05767995912901584, "E": -1.46212873928e-17}