{"E": 9.763578905999987e-19, "H": 0.29010798832463125}