{"E": 5.743056329799998e-18, "H": 1.1770707825786892}