{"d": 1.6e-07, "H": 0.32075843640140855, "E": -2.43090342523e-17}