{"E": 1.2820695152999994e-18, "H": 0.3687406800487892}