{"E": 4.8767245495999984e-18, "H": 0.8237846523064629}