{"E": 1.505715145000036e-19, "H": 0.6436569429674269}