{"d": 1.6e-07, "H": 0.8027673907963068, "E": -5.00058711131e-17}