{"E": 2.529095760799999e-18, "H": 0.1290774946406727}