{"E": 1.3555086721000012e-18, "H": 0.3410370427360969}