{"d": 1.6e-07, "H": 0.10862032555585044, "E": -1.44226345315e-17}