{"E": 4.331298241999993e-18, "H": 1.1947724585988408}