{"E": 4.2724017709999973e-19, "H": 0.449000461495452}