{"d": 1.6e-07, "H": 0.8323528064593518, "E": -4.89995603311e-17}