{"E": 1.304378062700001e-18, "H": 0.36074379328003164}