{"E": 5.162852862000003e-19, "H": 0.12282567902694742}