{"E": 9.378223878999999e-19, "H": 0.013790040024915795}