{"E": 1.1086530504000035e-18, "H": 0.9981815390658192}