{"d": 1.6e-07, "H": 0.9179247544377012, "E": -5.78205315791e-17}