{"d": 1.6e-07, "H": 0.8160392176894741, "E": -4.79874799483e-17}