{"d": 1.6e-07, "H": 0.906661915903076, "E": -5.79222381702e-17}