{"E": 2.493464995600002e-18, "H": 1.0515676079188805}