{"d": 1.6e-07, "H": 0.7867600810417402, "E": -4.89532713571e-17}