{"d": 1.6e-07, "H": 0.9488281907779279, "E": -6.09720796701e-17}