{"E": 5.2563723083999946e-18, "H": 1.072535115051649}