{"E": 4.49897857700001e-19, "H": 0.3410370427360969}