{"E": 4.293336762999995e-19, "H": 0.3904728006143434}