{"d": 1.6e-07, "H": 1.1086917079049514, "E": -6.57965275635e-17}