{"E": 4.435286243000008e-19, "H": 0.5814367798799912}