{"E": 4.744585819999998e-19, "H": 0.30058798318292035}