{"E": 2.1033891668999996e-18, "H": 0.2797978667076925}