{"E": 6.475513674999989e-19, "H": 0.8323528064593518}