{"E": 5.1172874169000045e-18, "H": 1.0469586493867697}