{"E": 1.6901938785000011e-18, "H": 0.020055601051892014}