{"E": 1.098420606699989e-18, "H": 0.9934355497864474}