{"E": 2.5530070022999885e-18, "H": 1.0706344716555656}