{"d": 1.6e-07, "H": 1.0706344716555656, "E": -6.73519260608e-17}