{"E": 1.2960694989000003e-18, "H": 0.16160298068677026}