{"E": 9.941603970000021e-19, "H": 0.020055601051892014}