{"E": 6.262389557000013e-19, "H": 0.1511396584396841}