{"E": 6.0511842249e-18, "H": 0.9698279207025753}