{"E": 4.191717733500001e-18, "H": 0.13120496795805647}