{"E": 2.7795521809999983e-18, "H": 0.43826723536548595}