{"E": 4.356591727000008e-19, "H": 0.09520598533519938}