{"E": 4.2787878275000004e-18, "H": 0.7571489064156133}