{"E": 3.872455723299998e-18, "H": 0.7125494922138771}