{"E": 1.3136121459999936e-18, "H": 1.1120120774019429}