{"E": 4.390670693999998e-19, "H": 0.5823933515367479}