{"d": 1.6e-07, "H": 0.9488281907779279, "E": -5.99775705651e-17}