{"E": 5.601280451e-19, "H": 0.8081036758866661}