{"E": 1.4095837117999981e-18, "H": 0.06405041147039583}