{"E": 1.288212135400002e-18, "H": 0.36656985749271903}