{"E": 4.2811944379999968e-19, "H": 0.4536938722500533}