{"E": 3.2891836742000004e-18, "H": 0.6546227281234838}