{"d": 1.6e-07, "H": 0.2740370301783385, "E": -2.26430320812e-17}