{"d": 1.6e-07, "H": 0.9175643761190703, "E": -5.87082175828e-17}