{"E": 5.5178986015000014e-18, "H": 0.6203451822046695}