{"E": 2.616142298999996e-19, "H": 0.048397381135607716}