{"d": 1.6e-07, "H": 1.1665884152288912, "E": -7.70327598138e-17}