{"E": 1.308611717999997e-18, "H": 1.1086917079049514}