{"E": 1.4360620096000009e-18, "H": 0.104560520146578}