{"d": 1.6e-07, "H": 0.8477523637167386, "E": -4.86270459773e-17}