{"E": 2.013592567000004e-19, "H": 0.720271961003612}