{"d": 1.6e-07, "H": 0.5283336911667161, "E": -3.36242578502e-17}