{"d": 1.6e-07, "H": 1.1665884152288912, "E": -6.98110603372e-17}