{"d": 1.6e-07, "H": 1.116615272717344, "E": -6.78353336622e-17}