{"E": 1.0637399013000012e-18, "H": 0.7453627241490277}