{"E": 4.293072274899995e-18, "H": 0.9186397277280677}