{"d": 1.6e-07, "H": 0.9713599753359391, "E": -5.79545065019e-17}