{"d": 1.6e-07, "H": 0.8850705377887228, "E": -5.0973704746e-17}