{"E": 9.110306113999994e-19, "H": 0.720271961003612}