{"E": 1.169054405200002e-18, "H": 0.4053917977793284}