{"E": 1.804879526100001e-18, "H": 0.07527286362065425}