{"E": 1.142073434700001e-18, "H": 0.13930175741253814}