{"E": 6.352373757000011e-19, "H": 0.01842989869844196}