{"E": 9.380924081000043e-19, "H": 0.9269515687798381}