{"E": 4.995161956000007e-19, "H": 0.2740370301783385}