{"E": 5.975289265200002e-18, "H": 0.21342597313549733}