{"E": 3.472447845099998e-18, "H": 0.6587923843405451}