{"E": 3.8075413859999955e-19, "H": 0.5948508103140394}