{"E": 5.431979899599994e-18, "H": 1.1071872073552032}