{"d": 1.6e-07, "H": 1.0976181620612193, "E": -6.651783845e-17}