{"d": 1.6e-07, "H": 1.1090159870748109, "E": -7.00844630515e-17}