{"E": 5.5860209555000034e-18, "H": 1.1402152872098037}