{"d": 1.6e-07, "H": 0.29010798832463125, "E": -2.31974907954e-17}