{"d": 1.6e-07, "H": 0.7038115819871134, "E": -4.37918259768e-17}