{"d": 1.6e-07, "H": 0.12024626663464288, "E": -1.73447296203e-17}