{"d": 1.6e-07, "H": 0.43261990503454334, "E": -2.80666718733e-17}