{"E": 8.823191526999983e-19, "H": 0.906661915903076}