{"E": 6.082630167199993e-18, "H": 0.9742161584909454}