{"E": 5.40173655699997e-19, "H": 0.8027673907963068}