{"E": 1.1943066662999991e-18, "H": 0.3976603111935775}