{"E": 5.3821625165999934e-18, "H": 1.0970603286365799}