{"E": 5.145857293500005e-18, "H": 1.0520917899467686}