{"d": 1.6e-07, "H": 1.0356299817446473, "E": -6.22692427177e-17}