{"E": 1.1955447887000019e-18, "H": 0.3972753947061752}