{"d": 1.6e-07, "H": 0.05556525292833445, "E": -1.46340200211e-17}