{"d": 1.6e-07, "H": 0.5975447174747467, "E": -3.70047209998e-17}