{"d": 1.6e-07, "H": 0.869261412570817, "E": -5.34893090252e-17}