{"E": 5.2207055647999944e-18, "H": 0.8637599795213791}