{"E": 4.246321890999983e-19, "H": 0.3976603111935775}