{"d": 1.6e-07, "H": 0.9965448251651002, "E": -5.82135416543e-17}