{"d": 1.6e-07, "H": 0.4944378982150204, "E": -3.18994599847e-17}