{"E": 1.2171220998999995e-18, "H": 0.3904728006143434}