{"E": 4.354034435999988e-19, "H": 0.09896463765738081}