{"E": 6.7506348838000075e-18, "H": 1.0847157664043714}