{"E": 2.7932880753999987e-18, "H": 0.4693248327960347}