{"E": 4.171351697600003e-18, "H": 0.7453627241490277}