{"E": 5.815150860400001e-18, "H": 0.20561918789003553}