{"E": 1.070102573e-18, "H": 0.1290774946406727}