{"E": 4.979342354000007e-18, "H": 1.0229688740778602}