{"d": 1.6e-07, "H": 0.9581704014515433, "E": -6.16512289491e-17}