{"d": 1.6e-07, "H": 0.1467594265549136, "E": -1.77640324161e-17}