{"E": 3.6652059689999925e-19, "H": 0.07527286362065425}