{"E": 2.6844422898999906e-18, "H": 1.116615272717344}