{"E": 1.4357350552000017e-18, "H": 0.3040653651996069}