{"d": 1.6e-07, "H": 0.3040653651996069, "E": -2.22591616543e-17}