{"d": 1.6e-07, "H": 0.3412076337028001, "E": -2.46440751012e-17}