{"E": 4.056418661e-18, "H": 0.7327626429589381}