{"d": 1.6e-07, "H": 0.40095850213329115, "E": -2.7119555474e-17}