{"d": 1.6e-07, "H": 0.9951803409357836, "E": -5.81847569098e-17}