{"E": 3.487397229100003e-18, "H": 0.8160392176894741}