{"d": 1.6e-07, "H": 0.27785719330458286, "E": -2.27730517715e-17}