{"E": 2.0976509775e-18, "H": 0.27819278671534964}