{"E": 3.8282576611000014e-18, "H": 0.8576541392250352}