{"E": 6.529676541000004e-19, "H": 0.833905885471391}