{"d": 1.6e-07, "H": 0.833905885471391, "E": -5.20792454193e-17}