{"E": 1.5391056866000006e-18, "H": 0.05556525292833445}