{"E": 1.2743740531000028e-18, "H": 1.086844012242128}