{"E": 6.265356668000001e-19, "H": 0.15679231120900416}