{"d": 1.6e-07, "H": 0.13120496795805647, "E": -1.85959075341e-17}