{"E": 8.170285111999948e-19, "H": 0.8843678484873443}