{"d": 1.6e-07, "H": 0.8202076505365383, "E": -4.7033565194e-17}