{"E": 4.7339665209999994e-18, "H": 0.8202076505365383}