{"E": 3.642522413500001e-18, "H": 0.8347188180131706}