{"d": 1.6e-07, "H": 0.8347188180131706, "E": -4.914707914e-17}