{"E": 4.762245626e-18, "H": 0.15675005568735337}