{"E": 6.543377219000004e-19, "H": 0.012202489987678432}