{"E": 6.557939164999967e-19, "H": 0.8347188180131706}