{"E": 8.82325879e-19, "H": 0.39123209010493915}