{"E": 6.1048502363999985e-18, "H": 0.9864011704620863}