{"E": 5.89326578e-19, "H": 0.8160392176894741}