{"d": 1.6e-07, "H": 0.9951803409357836, "E": -6.3250311171e-17}