{"d": 1.6e-07, "H": 0.5073136042405212, "E": -3.1768425552e-17}