{"E": 5.667912248999998e-19, "H": 0.6286693467032295}