{"E": 5.816062876899999e-18, "H": 1.1955561140906563}