{"d": 1.6e-07, "H": 1.0282460428447024, "E": -6.03291499619e-17}