{"d": 1.6e-07, "H": 0.906661915903076, "E": -5.70399190175e-17}