{"d": 1.6e-07, "H": 0.4693248327960347, "E": -3.06708845533e-17}