{"E": 1.1842896300999963e-18, "H": 1.0356299817446473}