{"d": 1.6e-07, "H": 0.554693781571518, "E": -3.44499132651e-17}