{"E": 4.936618208000017e-19, "H": 0.2797978667076925}