{"d": 1.6e-07, "H": 0.1200051235924728, "E": -1.83471828205e-17}