{"d": 1.6e-07, "H": 0.37805912069558995, "E": -2.53194134922e-17}