{"E": 1.2549804467000022e-18, "H": 0.37805912069558995}