{"E": 1.7589161773999978e-18, "H": 0.5073136042405212}