{"E": 5.007640918999985e-19, "H": 0.27819278671534964}