{"E": 1.2046710714000021e-18, "H": 1.0465188935411227}