{"E": 6.172737513000018e-19, "H": 0.8237846523064629}