{"E": 5.882461263999998e-19, "H": 0.6436569429674269}