{"E": 4.768933516000001e-18, "H": 0.8115632219784964}