{"d": 1.6e-07, "H": 0.4580104783438778, "E": -2.91521219502e-17}