{"d": 1.6e-07, "H": 0.0045748663348678335, "E": -1.63931458209e-17}