{"d": 1.6e-07, "H": 0.7526268782292636, "E": -4.6741526678e-17}