{"E": 3.135589220999997e-18, "H": 0.6162651446715482}