{"E": 4.937466424999991e-19, "H": 0.790605703246432}