{"d": 1.6e-07, "H": 0.6045283471970404, "E": -3.66222474015e-17}