{"E": 1.144940445300003e-18, "H": 0.6045283471970404}