{"E": 1.688629033000007e-19, "H": 0.01842989869844196}