{"d": 1.6e-07, "H": 0.24692969305196932, "E": -2.12161226115e-17}