{"E": 1.3740573208000004e-18, "H": 0.17335539617312118}