{"E": 5.335961742199997e-18, "H": 0.8775627476181801}