{"d": 1.6e-07, "H": 0.9586195626295599, "E": -5.57848411162e-17}