{"d": 1.6e-07, "H": 0.18781819142144013, "E": -1.84738510399e-17}