{"E": 4.545161324100001e-18, "H": 0.9545452567039938}