{"E": 3.2646859624999977e-18, "H": 0.6488495684507151}