{"E": 1.0487887680000023e-18, "H": 0.9713599753359391}