{"d": 1.6e-07, "H": 0.6162651446715482, "E": -3.53007481095e-17}