{"d": 1.6e-07, "H": 0.6486426687537004, "E": -3.81645598094e-17}