{"d": 1.6e-07, "H": 0.7015080933424875, "E": -4.11490554978e-17}