{"E": 2.489832030600001e-18, "H": 0.7015080933424875}