{"d": 1.6e-07, "H": 0.6546227281234838, "E": -3.73879354384e-17}