{"d": 1.6e-07, "H": 1.0752641036873176, "E": -7.02472957094e-17}