{"d": 1.6e-07, "H": 0.6238164836260325, "E": -3.83099139966e-17}