{"E": 5.611085821999986e-19, "H": 0.6238164836260325}