{"d": 1.6e-07, "H": 1.0539468285340443, "E": -6.35162679314e-17}