{"E": 1.2710266979999817e-19, "H": 0.6486426687537004}