{"E": 5.148678945700008e-18, "H": 1.0526020064240975}