{"d": 1.6e-07, "H": 0.6238164836260325, "E": -3.86268124483e-17}