{"E": 1.1023008712000008e-18, "H": 0.9952270358071662}