{"d": 1.6e-07, "H": 0.9952270358071662, "E": -6.32536286496e-17}