{"E": 2.8458648025999997e-18, "H": 1.1827621140750701}