{"E": 2.595043276300009e-18, "H": 1.0847157664043714}