{"E": 4.740104345999992e-19, "H": 0.10628000491945659}