{"E": 3.187584854000039e-19, "H": 0.7474323434833914}