{"E": 5.405172098999992e-19, "H": 0.6083172423355067}