{"d": 1.6e-07, "H": 0.6083172423355067, "E": -3.7441818843e-17}