{"E": 4.181715601700001e-18, "H": 0.7464990043310208}