{"E": 8.787296797999987e-19, "H": 0.0049577451594033485}