{"d": 1.6e-07, "H": 1.140888569640036, "E": -7.37626362564e-17}