{"d": 1.6e-07, "H": 1.0235853459745574, "E": -6.14532722071e-17}