{"d": 1.6e-07, "H": 0.8467781858029751, "E": -5.36426749212e-17}