{"E": 6.843539099800001e-18, "H": 1.0934684341269973}