{"d": 1.6e-07, "H": 0.8204690678947646, "E": -4.69383097873e-17}