{"d": 1.6e-07, "H": 0.4036656421305797, "E": -2.72374264311e-17}