{"E": 1.7720710204999992e-18, "H": 0.10628000491945659}