{"d": 1.6e-07, "H": 0.9953320671441747, "E": -6.20643724064e-17}