{"E": 7.143340805999999e-19, "H": 0.8519665292898678}