{"E": 4.690718938599998e-18, "H": 0.8027673907963068}