{"E": 1.3550901736999992e-18, "H": 0.3412076337028001}