{"E": 8.809368849000002e-19, "H": 0.4036656421305797}