{"E": 4.8290669365999955e-18, "H": 0.9981815390658192}