{"E": 4.396430588000011e-19, "H": 0.36074379328003164}