{"E": 7.296469496999999e-18, "H": 1.1827621140750701}