{"d": 1.6e-07, "H": 0.9698279207025753, "E": -6.250028706e-17}