{"E": 4.2402548071000024e-18, "H": 1.1661932580993006}