{"d": 1.6e-07, "H": 0.9249011197760583, "E": -5.35226866902e-17}