{"E": 5.715501389700006e-18, "H": 0.9249011197760583}