{"E": 2.676467259299999e-18, "H": 0.06415061172236722}