{"E": 8.995607529000019e-19, "H": 0.4780707630550361}