{"d": 1.6e-07, "H": 1.1827621140750701, "E": -7.82400231054e-17}