{"E": 9.254756024999998e-19, "H": 0.10862032555585044}