{"d": 1.6e-07, "H": 0.471480948213937, "E": -3.03418294758e-17}