{"E": 4.3286007729999756e-19, "H": 0.471480948213937}