{"E": 3.116517742199995e-18, "H": 0.6110638646468093}