{"d": 1.6e-07, "H": 0.9935376695424457, "E": -5.80140786531e-17}