{"E": 4.999236717799999e-18, "H": 1.0263514491692831}