{"E": 2.264704487199997e-18, "H": 0.9861663886355949}