{"d": 1.6e-07, "H": 0.9864011704620863, "E": -5.75415874579e-17}