{"E": 1.2967814999999997e-18, "H": 0.05556525292833445}