{"E": 1.5355171271999986e-18, "H": 0.195629753846063}