{"d": 1.6e-07, "H": 0.6587923843405451, "E": -3.74530643781e-17}