{"d": 1.6e-07, "H": 0.8081036758866661, "E": -5.09189564514e-17}