{"E": 9.636203482000014e-19, "H": 0.7288630436479365}