{"E": 1.1868556491999966e-18, "H": 1.0369806453997337}