{"d": 1.6e-07, "H": 0.10404936148175352, "E": -1.71173826014e-17}