{"E": 1.2575271731e-18, "H": 0.16160298068677026}