{"E": 1.3290227517999992e-18, "H": 0.05767995912901584}