{"d": 1.6e-07, "H": 0.6570880888695172, "E": -4.08238736949e-17}