{"d": 1.6e-07, "H": 0.17335539617312118, "E": -1.89272725163e-17}