{"E": 2.246444790399989e-18, "H": 0.9813592490631781}