{"E": 1.1676229729999993e-18, "H": 1.0269934826491744}