{"E": 6.970100090000031e-19, "H": 0.8467781858029751}