{"E": 5.456242686199997e-18, "H": 1.1122117803842337}