{"E": 1.6709709300000117e-19, "H": 0.7125494922138771}