{"E": 1.146309282200002e-18, "H": 0.21342597313549733}