{"E": 2.7623868102000032e-18, "H": 1.1469998419153746}