{"E": 2.833174528300002e-18, "H": 1.1770707825786892}