{"d": 1.6e-07, "H": 0.6848079906719802, "E": -4.24956323193e-17}