{"d": 1.6e-07, "H": 0.8160392176894741, "E": -5.0002117646e-17}