{"E": 7.946417309999735e-20, "H": 0.6587923843405451}