{"d": 1.6e-07, "H": 0.36369963048148934, "E": -2.46878114358e-17}