{"d": 1.6e-07, "H": 0.55779369174165, "E": -3.46307439914e-17}