{"d": 1.6e-07, "H": 0.16233320056405595, "E": -1.78202784973e-17}