{"d": 1.6e-07, "H": 0.6486426687537004, "E": -4.03224888388e-17}