{"E": 7.962376255999942e-19, "H": 0.8775627476181801}