{"d": 1.6e-07, "H": 0.8467781858029751, "E": -4.99018082806e-17}