{"E": 4.424839140000004e-18, "H": 0.7867600810417402}