{"d": 1.6e-07, "H": 0.657065121899311, "E": -4.07349491873e-17}