{"E": 6.015847682099991e-18, "H": 0.9742161584909454}