{"d": 1.6e-07, "H": 0.720271961003612, "E": -4.09484538141e-17}