{"E": 5.6259003605000015e-18, "H": 0.6436569429674269}