{"E": 4.680612645999995e-19, "H": 0.104560520146578}