{"E": 1.1038564381999984e-18, "H": 0.7520385821733719}