{"d": 1.6e-07, "H": 0.6570880888695172, "E": -4.07364254542e-17}