{"E": 3.0599768737999995e-18, "H": 0.5948508103140394}