{"d": 1.6e-07, "H": 1.086844012242128, "E": -7.11043878736e-17}