{"d": 1.6e-07, "H": 0.3412076337028001, "E": -2.50896985099e-17}