{"d": 1.6e-07, "H": 1.1120120774019429, "E": -6.75154596051e-17}