{"E": 4.468269857000015e-19, "H": 0.3464189195738638}