{"d": 1.6e-07, "H": 0.5988974734702452, "E": -3.74489882833e-17}