{"d": 1.6e-07, "H": 0.6207519568266823, "E": -3.55418335545e-17}