{"E": 2.2007798165000007e-18, "H": 0.104560520146578}