{"d": 1.6e-07, "H": 0.8347188180131706, "E": -5.12156697927e-17}