{"E": 2.6203656911000007e-18, "H": 1.0934684341269973}