{"E": 1.9263504620000243e-19, "H": 0.0045748663348678335}