{"E": 6.0759656332e-18, "H": 0.2184194658900835}