{"E": 6.620214409000011e-19, "H": 0.16233320056405595}