{"E": 6.193007406399998e-18, "H": 0.9898962581019028}