{"E": 8.708834705100002e-18, "H": 0.9646048372886914}