{"E": 6.919534840099997e-18, "H": 1.1071872073552032}