{"E": 4.456234087000001e-19, "H": 0.3412076337028001}