{"d": 1.6e-07, "H": 0.9742161584909454, "E": -5.6804492015e-17}