{"E": 1.4654770715000006e-18, "H": 0.1200051235924728}