{"E": 3.378633111700001e-18, "H": 0.09520598533519938}