{"d": 1.6e-07, "H": 0.7015080933424875, "E": -3.98663932177e-17}