{"E": 1.216330057999999e-19, "H": 0.0049577451594033485}