{"E": 3.1210944629999875e-19, "H": 0.6094349595627404}