{"d": 1.6e-07, "H": 0.6094349595627404, "E": -3.77338535981e-17}