{"E": 4.2581352889999787e-19, "H": 0.43826723536548595}