{"E": 3.40608138100001e-19, "H": 0.7526268782292636}