{"d": 1.6e-07, "H": 0.814596005866179, "E": -4.99088457941e-17}