{"d": 1.6e-07, "H": 0.5238139349280231, "E": -3.29303056778e-17}