{"E": 2.825180336e-18, "H": 1.1735348343250152}