{"E": 1.1700681595999963e-18, "H": 1.0282460428447024}