{"d": 1.6e-07, "H": 0.1290774946406727, "E": -1.75096127112e-17}