{"E": 2.490097648599996e-18, "H": 1.0505179873860966}