{"E": 5.104944169000003e-19, "H": 0.5814367798799912}