{"E": 4.3260928790000023e-19, "H": 0.3687406800487892}