{"d": 1.6e-07, "H": 1.0092104846623406, "E": -6.42488201626e-17}