{"E": 1.4233520764999927e-18, "H": 1.1954039370060294}