{"E": 3.0690598107999976e-18, "H": 0.5975447174747467}