{"d": 1.6e-07, "H": 1.0202856143980115, "E": -6.61937590865e-17}