{"d": 1.6e-07, "H": 0.4693248327960347, "E": -2.78775964779e-17}