{"E": 4.358450057000008e-19, "H": 0.36074379328003164}