{"d": 1.6e-07, "H": 0.7140948789521357, "E": -4.2833068612e-17}