{"E": 1.6442074561999969e-18, "H": 0.7140948789521357}