{"d": 1.6e-07, "H": 1.0465188935411227, "E": -6.15589663169e-17}