{"E": 6.565547649100001e-18, "H": 1.0465188935411227}