{"d": 1.6e-07, "H": 1.1402152872098037, "E": -6.79745701241e-17}