{"E": 1.5196295092000004e-18, "H": 0.16160298068677026}