{"d": 1.6e-07, "H": 0.9935376695424457, "E": -6.07167218161e-17}