{"d": 1.6e-07, "H": 0.6698909203044445, "E": -4.15634478215e-17}