{"d": 1.6e-07, "H": 0.6094349595627404, "E": -3.68885807718e-17}