{"E": 4.345631647099998e-18, "H": 0.599718986535895}