{"E": 5.65564464699999e-19, "H": 0.809569514778482}