{"d": 1.6e-07, "H": 0.24692969305196932, "E": -2.17524852143e-17}