{"E": 5.440000071799998e-18, "H": 0.18781819142144013}