{"E": 1.235304027999998e-18, "H": 1.0636166570397383}