{"E": 1.2143417004999926e-18, "H": 1.0518182900141038}