{"E": 1.2806923609000004e-18, "H": 0.05556525292833445}