{"E": 5.327082768000005e-19, "H": 0.2448758754028829}