{"E": 5.11518889699999e-19, "H": 0.5823933515367479}