{"E": 1.0704301924000017e-18, "H": 0.9808002518152286}