{"E": 4.725139060699997e-18, "H": 0.9817613249810861}