{"d": 1.6e-07, "H": 1.1120120774019429, "E": -6.60250390542e-17}