{"d": 1.6e-07, "H": 0.9981815390658192, "E": -5.97431990883e-17}