{"E": 9.761400282999977e-19, "H": 0.013790040024915795}