{"E": 7.528035294999976e-19, "H": 0.8637599795213791}