{"d": 1.6e-07, "H": 0.24864339638663877, "E": -1.98210467477e-17}