{"E": 1.4070077147999995e-18, "H": 1.1814759805272004}