{"E": 1.0664984528999946e-18, "H": 0.4348386023907413}