{"E": 2.390378613000012e-19, "H": 0.7288630436479365}