{"d": 1.6e-07, "H": 0.9249011197760583, "E": -5.48999684485e-17}