{"d": 1.6e-07, "H": 1.1305127224462546, "E": -6.88034586961e-17}