{"d": 1.6e-07, "H": 0.20512440864035072, "E": -2.04903521572e-17}