{"d": 1.6e-07, "H": 0.2184194658900835, "E": -2.08769845114e-17}