{"E": 2.0743345657000008e-18, "H": 0.09520598533519938}