{"E": 1.0762029877000012e-18, "H": 0.7474323434833914}