{"E": 5.364196674100003e-18, "H": 1.0934684341269973}