{"d": 1.6e-07, "H": 1.1603903092753214, "E": -6.93783119749e-17}