{"E": 8.33180972500008e-19, "H": 0.8897489695747208}