{"E": 2.8784833223999974e-18, "H": 0.5283336911667161}