{"E": 1.2194004516999993e-18, "H": 0.3897436513000985}