{"E": 7.565598520000019e-19, "H": 0.8649326048187083}