{"d": 1.6e-07, "H": 0.9898962581019028, "E": -6.28751524404e-17}