{"E": 4.135391839999815e-20, "H": 0.6848079906719802}