{"E": 1.2148364558000085e-18, "H": 1.0520917899467686}