{"d": 1.6e-07, "H": 1.0202856143980115, "E": -6.38047952328e-17}