{"E": 2.388963853699996e-18, "H": 1.0202856143980115}