{"d": 1.6e-07, "H": 0.8081036758866661, "E": -4.94901467206e-17}