{"E": 1.4288097307999999e-18, "H": 0.8081036758866661}