{"E": 5.1231801207e-18, "H": 0.8637599795213791}