{"d": 1.6e-07, "H": 0.7983981074624066, "E": -4.55895889456e-17}