{"d": 1.6e-07, "H": 0.9935376695424457, "E": -6.19397035778e-17}