{"d": 1.6e-07, "H": 1.017422486013861, "E": -6.36044789423e-17}