{"E": 2.1266374837e-18, "H": 0.2864676985120365}