{"E": 5.6020995731000006e-18, "H": 0.9207083700108073}