{"E": 6.919270800999988e-19, "H": 0.6848079906719802}