{"E": 1.2631113112000002e-18, "H": 0.15675005568735337}