{"d": 1.6e-07, "H": 0.195629753846063, "E": -2.02227234161e-17}