{"d": 1.6e-07, "H": 1.1086917079049514, "E": -7.00613514867e-17}