{"d": 1.6e-07, "H": 1.0045093174691133, "E": -6.0167741346e-17}