{"E": 6.6924326680000125e-19, "H": 0.15675005568735337}