{"E": 6.053773515999973e-19, "H": 0.8204690678947646}