{"E": 1.1486194154999892e-18, "H": 1.017422486013861}