{"E": 5.31038795999999e-19, "H": 0.599718986535895}