{"d": 1.6e-07, "H": 0.8049275669085849, "E": -5.01486299021e-17}