{"E": 5.623065633300002e-18, "H": 0.9130732008672463}