{"d": 1.6e-07, "H": 0.5283336911667161, "E": -3.31614384387e-17}