{"E": 4.628194114999993e-19, "H": 0.5283336911667161}