{"E": 3.2943866780000026e-19, "H": 0.0680853551098887}