{"E": 8.813755147000018e-19, "H": 0.3972753947061752}