{"d": 1.6e-07, "H": 0.6138269565112984, "E": -3.82966776232e-17}