{"E": 4.295121469000009e-19, "H": 0.3897436513000985}