{"E": 3.553635184000009e-19, "H": 0.600253287454197}