{"d": 1.6e-07, "H": 0.8323528064593518, "E": -5.26226167746e-17}