{"E": 5.060800728499999e-18, "H": 1.0369806453997337}