{"E": 5.729274428000031e-19, "H": 0.8115632219784964}