{"d": 1.6e-07, "H": 0.9207083700108073, "E": -5.89352230179e-17}