{"E": 7.585182694800001e-18, "H": 0.8477523637167386}