{"d": 1.6e-07, "H": 0.8637599795213791, "E": -5.31247386344e-17}