{"E": 5.572364452499997e-18, "H": 0.9066727290485987}