{"E": 3.622489975599995e-18, "H": 0.6848079906719802}