{"d": 1.6e-07, "H": 1.035969243607655, "E": -6.22922731726e-17}