{"d": 1.6e-07, "H": 0.01842989869844196, "E": -1.63986566695e-17}