{"E": 8.532122890000136e-20, "H": 0.694413890698619}