{"E": 2.1546284082000053e-18, "H": 0.9581704014515433}