{"d": 1.6e-07, "H": 0.7125494922138771, "E": -4.42068915578e-17}