{"E": 2.4950543452000094e-18, "H": 1.0520917899467686}