{"E": 4.295108284000009e-19, "H": 0.09343237728599144}