{"E": 2.276675269000032e-19, "H": 0.6273185104758006}