{"E": 4.940440915999991e-19, "H": 0.2794146286864358}