{"E": 5.330653342000004e-18, "H": 1.086844012242128}