{"E": 2.1773433013e-18, "H": 0.10282549835843335}