{"d": 1.6e-07, "H": 0.2448758754028829, "E": -2.01702387478e-17}