{"E": 1.7245229583999963e-18, "H": 0.8637599795213791}