{"E": 3.886484066799999e-18, "H": 0.7140948789521357}