{"E": 2.4085348176999985e-18, "H": 0.1200051235924728}