{"E": 2.4136396412e-18, "H": 1.0274713182492725}