{"d": 1.6e-07, "H": 0.40394412551959685, "E": -2.72495786159e-17}