{"d": 1.6e-07, "H": 1.0970603286365799, "E": -7.18614188848e-17}