{"E": 2.0964450875000004e-18, "H": 0.27785719330458286}