{"E": 1.5310955238999996e-18, "H": 0.1796772163756774}