{"E": 5.055004643200002e-18, "H": 1.035969243607655}