{"d": 1.6e-07, "H": 1.0752641036873176, "E": -6.89920440971e-17}