{"d": 1.6e-07, "H": 0.6083172423355067, "E": -3.76649556104e-17}