{"E": 3.1738044249999548e-19, "H": 0.6083172423355067}