{"E": 7.999883455000007e-19, "H": 0.5020079073917587}