{"d": 1.6e-07, "H": 0.3143673455367346, "E": -2.26559131915e-17}