{"d": 1.6e-07, "H": 0.195629753846063, "E": -1.46165913885e-17}