{"E": 4.662922290000003e-19, "H": 0.10404936148175352}