{"d": 1.6e-07, "H": 0.37455181058587345, "E": -2.3607054778e-17}