{"E": 1.4431328648000004e-18, "H": 0.1847971783887045}