{"d": 1.6e-07, "H": 0.6516358443230307, "E": -3.99000280947e-17}