{"d": 1.6e-07, "H": 0.9586195626295599, "E": -6.06653498037e-17}