{"d": 1.6e-07, "H": 0.23642418523566786, "E": -1.98989827659e-17}