{"E": 1.1663659086999982e-18, "H": 1.0263514491692831}