{"E": 1.5328659343000001e-18, "H": 0.2184194658900835}