{"d": 1.6e-07, "H": 0.6516358443230307, "E": -3.6030571923e-17}