{"E": 1.6548022013000009e-18, "H": 0.06415061172236722}