{"d": 1.6e-07, "H": 0.5205078663632002, "E": -3.32193623731e-17}