{"E": 1.4150467023999994e-18, "H": 0.09520598533519938}