{"d": 1.6e-07, "H": 0.09520598533519938, "E": -1.64179376174e-17}