{"E": 1.8864386013000015e-18, "H": 0.7453627241490277}