{"d": 1.6e-07, "H": 0.104560520146578, "E": -1.62720109447e-17}