{"d": 1.6e-07, "H": 1.1071872073552032, "E": -6.99537505579e-17}