{"d": 1.6e-07, "H": 0.9586195626295599, "E": -5.95274533099e-17}