{"E": 7.189581511000012e-19, "H": 0.13120496795805647}