{"E": 6.120387045999997e-19, "H": 0.06415061172236722}