{"E": 1.2028633360000303e-19, "H": 0.0045748663348678335}