{"d": 1.6e-07, "H": 1.0238498196198644, "E": -6.14711539916e-17}