{"E": 6.0641838259999985e-18, "H": 0.9808002518152286}