{"d": 1.6e-07, "H": 0.9691994577359738, "E": -5.78112049705e-17}