{"d": 1.6e-07, "H": 0.814596005866179, "E": -5.07895954939e-17}