{"d": 1.6e-07, "H": 0.1796772163756774, "E": -1.83761469094e-17}