{"E": 6.970402378099993e-18, "H": 1.116615272717344}