{"E": 4.345970777000003e-19, "H": 0.36369963048148934}