{"E": 9.959117358000025e-19, "H": 0.4536938722500533}