{"d": 1.6e-07, "H": 1.1402152872098037, "E": -7.23218645542e-17}