{"d": 1.6e-07, "H": 0.5019182295899718, "E": -2.94425633039e-17}