{"E": 4.3302314159999965e-19, "H": 0.3776348592575295}