{"E": 2.156457324699999e-18, "H": 0.9586195626295599}