{"E": 1.5104398548000029e-18, "H": 0.2521333701349106}