{"E": 5.25371561199995e-19, "H": 0.5948508103140394}