{"d": 1.6e-07, "H": 0.8028197934355251, "E": -5.05497031131e-17}