{"E": 8.431849991000005e-19, "H": 0.07527286362065425}