{"d": 1.6e-07, "H": 0.4053917977793284, "E": -2.73128311951e-17}