{"E": 5.867775855499995e-18, "H": 0.9448716255746837}