{"E": 1.1250558982000056e-18, "H": 1.005939071376994}