{"E": 4.979730655e-19, "H": 0.280929955271993}