{"d": 1.6e-07, "H": 0.280929955271993, "E": -2.23804664504e-17}