{"E": 1.3139112314000048e-18, "H": 1.1122117803842337}