{"E": 6.590314016499997e-18, "H": 1.0505179873860966}