{"E": 2.6624539375000023e-18, "H": 0.13930175741253814}