{"d": 1.6e-07, "H": 0.8477523637167386, "E": -5.20691784828e-17}