{"d": 1.6e-07, "H": 0.6519406712010998, "E": -4.05178314819e-17}