{"E": 2.4137380708999967e-18, "H": 1.0274713182492725}