{"d": 1.6e-07, "H": 1.1955561140906563, "E": -7.91960364413e-17}