{"d": 1.6e-07, "H": 0.1847971783887045, "E": -1.91982576801e-17}