{"d": 1.6e-07, "H": 0.09896463765738081, "E": -1.79076625028e-17}