{"d": 1.6e-07, "H": 0.3157191752225926, "E": -2.31829091218e-17}