{"E": 7.357645247000007e-19, "H": 0.18781819142144013}