{"d": 1.6e-07, "H": 0.18781819142144013, "E": -1.9272096147e-17}