{"E": 5.26571902800001e-19, "H": 0.12152269818476434}