{"E": 2.8310288051e-18, "H": 0.5019182295899718}