{"d": 1.6e-07, "H": 0.8519665292898678, "E": -5.40106758001e-17}