{"E": 3.264040684100001e-18, "H": 0.7897525671244984}