{"E": 1.5235652252999998e-18, "H": 0.23642418523566786}