{"E": 3.852503462999999e-19, "H": 0.08067118301082754}