{"d": 1.6e-07, "H": 0.13930175741253814, "E": -1.7639991839e-17}