{"d": 1.6e-07, "H": 1.0138643716232256, "E": -6.57221875768e-17}