{"E": 7.09630052169999e-18, "H": 1.140888569640036}