{"d": 1.6e-07, "H": 0.5536843308215675, "E": -3.43911664045e-17}