{"E": 5.716263348000012e-19, "H": 0.5536843308215675}