{"d": 1.6e-07, "H": 0.7288630436479365, "E": -4.45054697627e-17}