{"E": 4.371343858999983e-19, "H": 0.3578308540638109}