{"E": 8.931615961000003e-19, "H": 0.10404936148175352}