{"E": 2.178759721699999e-18, "H": 0.9641370033042524}