{"d": 1.6e-07, "H": 0.46669098222518246, "E": -2.95992926302e-17}