{"d": 1.6e-07, "H": 0.5151353728160908, "E": -3.29437019258e-17}