{"E": 1.5153570880999996e-18, "H": 0.15675005568735337}