{"E": 4.3288268400000068e-19, "H": 0.37805912069558995}