{"d": 1.6e-07, "H": 0.694413890698619, "E": -4.24178324366e-17}