{"d": 1.6e-07, "H": 0.1511396584396841, "E": -1.78754141855e-17}