{"d": 1.6e-07, "H": 0.2864676985120365, "E": -2.30701808845e-17}