{"d": 1.6e-07, "H": 0.43826723536548595, "E": -2.64315504813e-17}