{"E": 5.51732372499999e-19, "H": 0.05556525292833445}