{"d": 1.6e-07, "H": 0.05556525292833445, "E": -1.65653857207e-17}