{"E": 1.4085483419000026e-18, "H": 1.1827621140750701}