{"d": 1.6e-07, "H": 1.0269934826491744, "E": -6.55192004429e-17}