{"E": 4.232226063000001e-18, "H": 0.7520385821733719}