{"d": 1.6e-07, "H": 0.6597066901473676, "E": -4.03684564262e-17}