{"E": 1.1573822726000032e-18, "H": 0.6094349595627404}