{"d": 1.6e-07, "H": 0.104560520146578, "E": -1.44306327561e-17}