{"E": 7.70319498000002e-19, "H": 0.869261412570817}