{"d": 1.6e-07, "H": 0.7506798559997826, "E": -4.66167820854e-17}