{"E": 1.4956180643999947e-18, "H": 0.8202076505365383}