{"d": 1.6e-07, "H": 0.36074379328003164, "E": -2.58643932086e-17}