{"d": 1.6e-07, "H": 0.20561918789003553, "E": -2.05044928071e-17}