{"E": 7.092906379299999e-18, "H": 1.1402152872098037}