{"E": 4.691186372699996e-18, "H": 0.8028197934355251}