{"E": 7.111970414899997e-18, "H": 0.6699039315395161}