{"E": 1.8778042443e-18, "H": 0.08067118301082754}