{"d": 1.6e-07, "H": 0.37850545748998105, "E": -2.61602478112e-17}