{"d": 1.6e-07, "H": 0.6218801135687254, "E": -3.56025805572e-17}