{"E": 3.1566692934000004e-18, "H": 0.6218801135687254}