{"d": 1.6e-07, "H": 0.6083172423355067, "E": -3.79823360529e-17}