{"E": 1.0437461976999928e-18, "H": 0.9691994577359738}