{"E": 1.0108513814999983e-18, "H": 0.4497821356648899}