{"E": 2.3037410728999994e-18, "H": 0.9965448251651002}