{"E": 6.0100432858000044e-18, "H": 0.9641370033042524}