{"E": 4.146451483900002e-18, "H": 0.7571489064156133}