{"E": 9.23365906800001e-19, "H": 0.012202489987678432}