{"d": 1.6e-07, "H": 0.9934355497864474, "E": -5.94254115355e-17}