{"d": 1.6e-07, "H": 0.6436569429674269, "E": -3.44023906824e-17}