{"E": 1.3632344785000012e-18, "H": 1.1469998419153746}