{"E": 1.481063063499998e-18, "H": 0.1290774946406727}