{"E": 1.0167265328000001e-18, "H": 0.12152269818476434}