{"E": 2.1903238101000046e-18, "H": 0.6570880888695172}