{"E": 7.192197293999992e-18, "H": 1.1603903092753214}