{"d": 1.6e-07, "H": 0.8160392176894741, "E": -4.6666341065e-17}