{"E": 4.340818503000009e-19, "H": 0.37455181058587345}