{"E": 2.082580437400001e-18, "H": 0.2740370301783385}