{"E": 4.984537677700009e-18, "H": 1.0238498196198644}