{"E": 6.396914829999998e-19, "H": 0.0680853551098887}