{"E": 9.723810777999996e-19, "H": 0.7302987445748806}