{"d": 1.6e-07, "H": 1.1090159870748109, "E": -7.1439221038e-17}