{"E": 5.813045038799997e-18, "H": 1.1947724585988408}