{"d": 1.6e-07, "H": 0.3578308540638109, "E": -2.44348184688e-17}