{"d": 1.6e-07, "H": 1.0521215565114765, "E": -6.33916762176e-17}