{"E": 5.146022001399993e-18, "H": 1.0521215565114765}