{"d": 1.6e-07, "H": 0.7302987445748806, "E": -4.37958814535e-17}