{"d": 1.6e-07, "H": 0.6873601795375328, "E": -3.90592806718e-17}