{"E": 5.805904993299995e-18, "H": 1.1929253724128137}