{"E": 3.1481098720000157e-19, "H": 0.7464990043310208}