{"E": 6.168673898499998e-18, "H": 0.9864011704620863}