{"d": 1.6e-07, "H": 0.9440337622094458, "E": -5.96415321083e-17}