{"E": 2.981234794000007e-19, "H": 0.05556525292833445}