{"E": 4.345069874000023e-19, "H": 0.36391876069348517}