{"E": 1.1915880849000013e-18, "H": 0.3985035014914964}