{"d": 1.6e-07, "H": 0.6436569429674269, "E": -3.98777195284e-17}