{"E": 4.268410915500003e-18, "H": 0.9152481654382668}