{"d": 1.6e-07, "H": 0.9952270358071662, "E": -6.43559295208e-17}