{"E": 7.052020379400001e-18, "H": 0.6587923843405451}