{"d": 1.6e-07, "H": 0.36074379328003164, "E": -2.54247501498e-17}