{"d": 1.6e-07, "H": 0.3897436513000985, "E": -2.70658138537e-17}