{"E": 4.868183516000005e-18, "H": 1.0045093174691133}