{"d": 1.6e-07, "H": 0.9817613249810861, "E": -5.86460477258e-17}