{"E": 8.096243257999973e-19, "H": 0.7038115819871134}