{"E": 6.6083564167000015e-18, "H": 0.24692969305196932}