{"E": 2.4117585513000014e-18, "H": 0.12024626663464288}