{"E": 1.3204585065999935e-18, "H": 1.116615272717344}