{"E": 3.4259464052000005e-18, "H": 0.020055601051892014}