{"d": 1.6e-07, "H": 0.869261412570817, "E": -5.44710882158e-17}