{"E": 4.0102519944000025e-18, "H": 0.12314500844208708}