{"E": 4.56834319499995e-19, "H": 0.5785806608969681}