{"d": 1.6e-07, "H": 0.5785806608969681, "E": -3.5859636384e-17}