{"E": 7.1978690999979e-21, "H": 0.6742951967549535}