{"E": 1.526276945999998e-19, "H": 0.013790040024915795}