{"E": 4.576813605e-19, "H": 0.32873211730156693}