{"d": 1.6e-07, "H": 1.016188363672831, "E": -5.9521734054e-17}