{"E": 6.371077221800001e-18, "H": 1.016188363672831}