{"E": 5.053057509199999e-18, "H": 1.0356299817446473}