{"d": 1.6e-07, "H": 1.1770707825786892, "E": -7.49818588791e-17}