{"E": 1.2562389162000014e-18, "H": 0.3776348592575295}