{"E": 6.077436646e-19, "H": 0.6570880888695172}