{"d": 1.6e-07, "H": 0.8850705377887228, "E": -5.55523726791e-17}