{"E": 6.444790761899994e-18, "H": 1.0274713182492725}