{"E": 3.2713714152999987e-18, "H": 0.790605703246432}