{"E": 4.532578458999998e-19, "H": 0.32873211730156693}