{"d": 1.6e-07, "H": 0.5536843308215675, "E": -3.44807480904e-17}