{"E": 4.820446488999996e-19, "H": 0.5536843308215675}