{"E": 4.390727959000012e-19, "H": 0.36202022621822944}