{"E": 1.0259384502000004e-18, "H": 0.12282567902694742}