{"E": 4.8792731476999965e-18, "H": 0.8362432922424539}