{"d": 1.6e-07, "H": 0.8362432922424539, "E": -4.80179885759e-17}