{"E": 4.3136442959999927e-19, "H": 0.46669098222518246}