{"E": 4.540135808700001e-18, "H": 0.1467594265549136}