{"E": 7.255743807000003e-18, "H": 1.173866898580667}