{"d": 1.6e-07, "H": 0.1511396584396841, "E": -1.62519758151e-17}