{"E": 2.8117953365999996e-18, "H": 0.1511396584396841}