{"d": 1.6e-07, "H": 0.8347188180131706, "E": -5.27896015535e-17}