{"d": 1.6e-07, "H": 1.1947724585988408, "E": -7.48061555089e-17}