{"d": 1.6e-07, "H": 0.9553442344939065, "E": -5.93027124215e-17}