{"E": 4.1808445116000016e-18, "H": 0.746403496136002}