{"d": 1.6e-07, "H": 0.21342597313549733, "E": -2.07301478755e-17}