{"E": 3.517810368300002e-18, "H": 0.6698909203044445}