{"E": 1.0964401290000005e-18, "H": 0.4265244232267176}