{"E": 4.461651800000012e-19, "H": 0.5020079073917587}