{"E": 6.0134406663000064e-18, "H": 0.9646048372886914}