{"E": 1.1543639775999984e-18, "H": 1.0202856143980115}