{"E": 2.0225276687999953e-18, "H": 0.9269515687798381}