{"d": 1.6e-07, "H": 0.7520385821733719, "E": -4.59381057091e-17}