{"E": 1.9996319394000006e-18, "H": 0.2521333701349106}