{"E": 5.389408238e-19, "H": 0.2448758754028829}