{"E": 3.515551559000002e-18, "H": 0.9935376695424457}