{"d": 1.6e-07, "H": 0.6436569429674269, "E": -4.00282910429e-17}