{"E": 1.2552516122999993e-18, "H": 1.0752641036873176}