{"E": 3.471799983999972e-19, "H": 0.7541989561392994}