{"E": 3.727131070999991e-19, "H": 0.08067118301082754}