{"E": 5.524245417999997e-19, "H": 0.1290774946406727}