{"E": 4.268240058000002e-19, "H": 0.4580104783438778}