{"E": 4.2915180849999963e-19, "H": 0.39123209010493915}