{"d": 1.6e-07, "H": 0.9646048372886914, "E": -5.99390208514e-17}