{"E": 9.869944761999985e-19, "H": 0.7327626429589381}