{"d": 1.6e-07, "H": 0.5073136042405212, "E": -3.20966091157e-17}