{"d": 1.6e-07, "H": 0.6516358443230307, "E": -4.03867193074e-17}