{"E": 3.3360214070000317e-19, "H": 0.6048755537013771}