{"E": 8.635453358999991e-19, "H": 0.7125494922138771}