{"E": 3.0694505144000003e-18, "H": 0.17335539617312118}