{"E": 1.934156779699999e-18, "H": 0.5823933515367479}