{"E": 5.966474536299999e-18, "H": 0.9581704014515433}