{"E": 5.474036143000022e-19, "H": 0.6138269565112984}