{"E": 3.578805318499999e-18, "H": 0.10404936148175352}