{"E": 4.857943597999958e-19, "H": 0.55779369174165}