{"d": 1.6e-07, "H": 0.55779369174165, "E": -3.46977963506e-17}