{"d": 1.6e-07, "H": 1.1120120774019429, "E": -6.7515459605e-17}