{"d": 1.6e-07, "H": 0.6698909203044445, "E": -4.09639899554e-17}