{"d": 1.6e-07, "H": 1.1661932580993006, "E": -7.56150816235e-17}