{"d": 1.6e-07, "H": 1.0636166570397383, "E": -6.93863020587e-17}