{"d": 1.6e-07, "H": 1.0250054051919253, "E": -6.15493049241e-17}