{"E": 5.995105695999952e-19, "H": 0.6519406712010998}