{"E": 5.945682861299999e-18, "H": 0.9553442344939065}