{"d": 1.6e-07, "H": 0.8027673907963068, "E": -4.91471014723e-17}