{"E": 1.517073750000001e-18, "H": 0.2448758754028829}