{"d": 1.6e-07, "H": 0.5019182295899718, "E": -3.2273592109e-17}