{"E": 2.9275918271000003e-18, "H": 0.07527286362065425}