{"d": 1.6e-07, "H": 0.554693781571518, "E": -3.50169333446e-17}