{"E": 2.2555690312000007e-18, "H": 0.10862032555585044}