{"E": 6.793822486299998e-18, "H": 1.0847157664043714}