{"d": 1.6e-07, "H": 1.0718182521919446, "E": -6.32736505496e-17}