{"E": 1.793124425099994e-18, "H": 0.8775627476181801}