{"E": 6.238867907600003e-18, "H": 0.9965448251651002}