{"d": 1.6e-07, "H": 1.0019658059640772, "E": -5.99969778724e-17}