{"d": 1.6e-07, "H": 0.6162651446715482, "E": -3.78850043401e-17}