{"E": 9.212919273999991e-19, "H": 0.9207083700108073}