{"d": 1.6e-07, "H": 1.140888569640036, "E": -7.51175949678e-17}