{"d": 1.6e-07, "H": 0.9748296910160761, "E": -6.18082893357e-17}