{"E": 1.0568166727000032e-18, "H": 0.9748296910160761}