{"E": 6.044351147999966e-19, "H": 0.8202076505365383}