{"d": 1.6e-07, "H": 0.9861663886355949, "E": -6.36930977422e-17}