{"E": 2.3220620229999987e-18, "H": 0.048397381135607716}