{"E": 1.896092242199999e-18, "H": 0.029335013094577887}