{"E": 1.291608306000001e-18, "H": 0.3776348592575295}