{"d": 1.6e-07, "H": 0.09520598533519938, "E": -1.73973251471e-17}