{"E": 1.1747551091999995e-18, "H": 0.4036656421305797}