{"d": 1.6e-07, "H": 0.9953320671441747, "E": -5.95523356359e-17}