{"d": 1.6e-07, "H": 1.0465188935411227, "E": -6.8124513966e-17}