{"E": 5.465407124400009e-18, "H": 1.1141259767768092}