{"d": 1.6e-07, "H": 0.7571489064156133, "E": -4.73913179393e-17}