{"E": 2.2657135092000046e-18, "H": 0.9864011704620863}