{"E": 4.0373146484999954e-18, "H": 0.8843678484873443}