{"d": 1.6e-07, "H": 1.1141259767768092, "E": -6.61706319828e-17}