{"E": 2.798756414999989e-19, "H": 0.6162651446715482}