{"E": 4.799388029599992e-18, "H": 0.9934355497864474}