{"E": 3.517864450299999e-18, "H": 0.6699039315395161}