{"d": 1.6e-07, "H": 1.1071872073552032, "E": -7.13062633899e-17}