{"E": 9.161060645599997e-18, "H": 1.017422486013861}