{"d": 1.6e-07, "H": 1.017422486013861, "E": -5.68223803877e-17}