{"E": 3.1352367975999982e-18, "H": 0.1796772163756774}