{"E": 5.5420932765999905e-18, "H": 1.1305127224462546}