{"E": 1.9117465529999913e-19, "H": 0.7179679094332169}