{"E": 8.003696915000025e-19, "H": 0.5019182295899718}