{"d": 1.6e-07, "H": 1.0718182521919446, "E": -6.47398725132e-17}