{"E": 7.670488784999991e-19, "H": 0.5097030848111216}