{"d": 1.6e-07, "H": 0.46669098222518246, "E": -3.05445097973e-17}