{"E": 8.417105819899994e-18, "H": 1.116615272717344}