{"E": 2.8736048295999945e-18, "H": 1.1955561140906563}