{"E": 2.4830980721000006e-18, "H": 0.05556525292833445}