{"d": 1.6e-07, "H": 0.833905885471391, "E": -5.27322130734e-17}