{"d": 1.6e-07, "H": 0.5020079073917587, "E": -3.14781115897e-17}