{"d": 1.6e-07, "H": 0.2797978667076925, "E": -2.13630878618e-17}