{"d": 1.6e-07, "H": 0.746403496136002, "E": -4.55877530525e-17}