{"E": 7.330439410000028e-19, "H": 0.8576541392250352}