{"d": 1.6e-07, "H": 0.16160298068677026, "E": -1.80646204092e-17}