{"E": 4.507081395600002e-18, "H": 0.6597066901473676}