{"E": 5.3920560174999985e-18, "H": 0.8843678484873443}