{"E": 4.709973723200003e-18, "H": 0.8049275669085849}