{"d": 1.6e-07, "H": 0.3011478869087649, "E": -2.21485640858e-17}