{"E": 7.221699476599996e-18, "H": 1.1665884152288912}