{"d": 1.6e-07, "H": 0.5851306000927129, "E": -3.62526049555e-17}