{"E": 4.262864944999973e-19, "H": 0.5851306000927129}