{"E": 3.3180025929999707e-19, "H": 0.6052580022217073}