{"d": 1.6e-07, "H": 0.9448716255746837, "E": -6.06848048045e-17}