{"E": 6.5742943664e-18, "H": 0.2448758754028829}