{"E": 5.316693420000018e-19, "H": 0.600253287454197}