{"d": 1.6e-07, "H": 1.0263514491692831, "E": -6.66396112352e-17}