{"d": 1.6e-07, "H": 0.43826723536548595, "E": -2.81571673976e-17}