{"E": 8.845125361000001e-19, "H": 0.10282549835843335}