{"d": 1.6e-07, "H": 0.10282549835843335, "E": -1.71010738205e-17}