{"E": 1.534331264700001e-18, "H": 0.21342597313549733}