{"E": 8.861907940000037e-19, "H": 0.43261990503454334}