{"E": 6.116449411000012e-19, "H": 0.6597066901473676}