{"E": 3.158950237999991e-19, "H": 0.06415061172236722}