{"d": 1.6e-07, "H": 0.13120496795805647, "E": -1.71115979356e-17}