{"E": 1.4843095984999998e-18, "H": 0.13120496795805647}