{"d": 1.6e-07, "H": 0.9808002518152286, "E": -5.71716278827e-17}