{"E": 5.730014876499998e-18, "H": 1.173866898580667}