{"d": 1.6e-07, "H": 1.116615272717344, "E": -7.06281513948e-17}