{"E": 4.461165921999995e-19, "H": 0.5019182295899718}