{"E": 3.944873550400001e-18, "H": 0.12024626663464288}