{"E": 4.995117306000009e-19, "H": 0.2794146286864358}