{"d": 1.6e-07, "H": 0.657065121899311, "E": -3.63279404118e-17}