{"d": 1.6e-07, "H": 0.4036656421305797, "E": -2.6489422951e-17}