{"d": 1.6e-07, "H": 0.5948508103140394, "E": -3.68407057571e-17}