{"d": 1.6e-07, "H": 0.35912517125114984, "E": -2.44903561616e-17}