{"d": 1.6e-07, "H": 0.9646048372886914, "E": -6.21196577382e-17}