{"E": 1.1309570819999978e-18, "H": 0.5988974734702452}