{"E": 6.955245527999998e-19, "H": 0.17335539617312118}