{"d": 1.6e-07, "H": 0.6742951967549535, "E": -4.18497962175e-17}