{"d": 1.6e-07, "H": 0.8390011505117905, "E": -5.24215770179e-17}