{"E": 5.804900095399999e-18, "H": 0.20512440864035072}