{"d": 1.6e-07, "H": 0.6519406712010998, "E": -3.99183209123e-17}