{"E": 1.0616484332000004e-18, "H": 0.24692969305196932}