{"E": 1.9272948288000026e-18, "H": 0.7506798559997826}