{"E": 6.6000048097e-18, "H": 1.0520917899467686}