{"E": 6.1670337475000024e-18, "H": 0.9861663886355949}