{"d": 1.6e-07, "H": 0.07527286362065425, "E": -1.74565559109e-17}