{"d": 1.6e-07, "H": 0.9813592490631781, "E": -6.22701235405e-17}