{"d": 1.6e-07, "H": 0.3976603111935775, "E": -2.74043639913e-17}