{"E": 1.0498079550999982e-18, "H": 0.4393863195773499}