{"E": 3.4750506104999975e-18, "H": 0.6594397013397775}