{"d": 1.6e-07, "H": 0.6045283471970404, "E": -3.72304130743e-17}