{"d": 1.6e-07, "H": 0.7526268782292636, "E": -4.59747552592e-17}