{"E": 1.4421690336999973e-18, "H": 0.30058798318292035}