{"d": 1.6e-07, "H": 1.0706344716555656, "E": -6.17653486339e-17}