{"d": 1.6e-07, "H": 0.8202076505365383, "E": -4.69222426978e-17}