{"E": 1.0716918970999893e-18, "H": 0.9813592490631781}