{"d": 1.6e-07, "H": 0.8477523637167386, "E": -4.99629819968e-17}