{"E": 7.290641035500004e-18, "H": 1.1814759805272004}