{"E": 4.8112828929000024e-18, "H": 0.9953320671441747}