{"E": 9.87395751700003e-19, "H": 0.7327626429589381}