{"E": 2.759493660000005e-20, "H": 0.6699039315395161}