{"E": 1.0077008012000006e-18, "H": 0.12024626663464288}