{"d": 1.6e-07, "H": 1.0934684341269973, "E": -6.76218609295e-17}