{"d": 1.6e-07, "H": 0.0049577451594033485, "E": -1.55410590111e-17}