{"E": 5.367747725000029e-19, "H": 0.6045283471970404}