{"E": 6.339436200999965e-19, "H": 0.6742951967549535}