{"E": 1.0382629408999982e-18, "H": 0.1290774946406727}