{"E": 1.6862033053000014e-18, "H": 0.3897436513000985}