{"E": 1.3079138803000041e-18, "H": 0.7867600810417402}