{"E": 2.4528740239999843e-19, "H": 0.7302987445748806}