{"E": 3.7724943107000015e-18, "H": 0.7015080933424875}