{"E": 3.724998026600001e-18, "H": 0.7125494922138771}