{"d": 1.6e-07, "H": 0.7125494922138771, "E": -4.06489906242e-17}