{"E": 5.002996259000001e-18, "H": 1.0269934826491744}