{"E": 4.991337604999989e-18, "H": 1.0250054051919253}