{"E": 5.2647580148999975e-18, "H": 0.1796772163756774}