{"E": 1.7727942791000022e-18, "H": 0.5151353728160908}