{"d": 1.6e-07, "H": 0.6338961889542457, "E": -3.92596357852e-17}