{"E": 1.9660579989999982e-19, "H": 0.6338961889542457}