{"d": 1.6e-07, "H": 0.8027673907963068, "E": -5.05460447688e-17}