{"E": 1.4714625527000015e-18, "H": 0.12314500844208708}