{"E": 1.6425492719000003e-18, "H": 0.8477523637167386}