{"E": 4.241565244699991e-18, "H": 1.1665884152288912}