{"E": 3.3384801387000005e-18, "H": 0.09343237728599144}