{"E": 5.38493871650001e-18, "H": 1.0976181620612193}