{"d": 1.6e-07, "H": 0.36369963048148934, "E": -2.5984046275e-17}