{"E": 5.596676819000017e-19, "H": 0.13120496795805647}