{"E": 5.321384339000021e-19, "H": 0.12314500844208708}