{"E": 4.637705188e-18, "H": 0.1511396584396841}