{"E": 5.565757743000032e-19, "H": 0.6203451822046695}