{"d": 1.6e-07, "H": 0.9269515687798381, "E": -5.37341911335e-17}