{"d": 1.6e-07, "H": 0.9186397277280677, "E": -5.78701888104e-17}