{"E": 9.156550052999906e-19, "H": 0.9186397277280677}