{"d": 1.6e-07, "H": 1.017422486013861, "E": -6.59834410333e-17}