{"d": 1.6e-07, "H": 0.6997767539785071, "E": -3.97672157298e-17}