{"E": 3.756869343100001e-18, "H": 0.6997767539785071}