{"E": 1.4709227978000016e-18, "H": 0.12282567902694742}