{"E": 9.13698568000001e-19, "H": 0.9179247544377012}