{"E": 1.567593075200002e-18, "H": 0.05767995912901584}