{"E": 6.957079108200008e-18, "H": 1.1141259767768092}