{"E": 1.4929000777000035e-18, "H": 0.8197104804685906}