{"E": 2.578755566999981e-19, "H": 0.013790040024915795}