{"E": 6.39803315e-18, "H": 1.0202856143980115}