{"E": 5.7313573577999996e-18, "H": 0.9269515687798381}