{"E": 1.4648085055000012e-18, "H": 0.814596005866179}