{"d": 1.6e-07, "H": 0.09520598533519938, "E": -1.44543512081e-17}