{"E": 1.535633704199999e-18, "H": 0.20561918789003553}