{"d": 1.6e-07, "H": 0.7327626429589381, "E": -4.47449863704e-17}