{"E": 3.1593061914999984e-18, "H": 0.9291651296158059}