{"E": 5.728656620100002e-18, "H": 1.1735348343250152}