{"E": 1.1025276923000033e-18, "H": 0.9953320671441747}