{"E": 3.748745757899998e-18, "H": 0.8477523637167386}