{"d": 1.6e-07, "H": 0.2864676985120365, "E": -2.09435434008e-17}