{"d": 1.6e-07, "H": 0.6997767539785071, "E": -4.34144036736e-17}