{"E": 2.5566033979999904e-18, "H": 1.0718182521919446}