{"E": 4.40382646899998e-19, "H": 0.35912517125114984}