{"d": 1.6e-07, "H": 0.35912517125114984, "E": -2.5358759363e-17}