{"d": 1.6e-07, "H": 1.0847157664043714, "E": -6.41529628854e-17}