{"d": 1.6e-07, "H": 0.9343751092958316, "E": -5.99237423341e-17}