{"E": 3.417212590999985e-19, "H": 0.7528928307335971}