{"E": 1.5153964977999993e-18, "H": 0.15679231120900416}