{"d": 1.6e-07, "H": 0.15679231120900416, "E": -1.76868684121e-17}