{"d": 1.6e-07, "H": 1.016188363672831, "E": -6.58928112758e-17}