{"d": 1.6e-07, "H": 0.449000461495452, "E": -2.8017849314e-17}