{"E": 1.4411464305000019e-18, "H": 0.3011478869087649}