{"E": 1.1738378295000003e-18, "H": 0.40394412551959685}