{"d": 1.6e-07, "H": 0.06415061172236722, "E": -1.69330371982e-17}