{"E": 4.405583384599999e-18, "H": 0.9343751092958316}