{"E": 1.250643045299993e-18, "H": 1.072535115051649}