{"E": 1.1849351871999966e-18, "H": 1.035969243607655}