{"d": 1.6e-07, "H": 0.9864011704620863, "E": -6.37102613564e-17}