{"E": 2.0322206520999975e-18, "H": 0.9291651296158059}