{"E": 8.809180273000016e-19, "H": 0.4053917977793284}