{"E": 6.102791717999984e-19, "H": 0.6587923843405451}