{"E": 4.277748540999984e-19, "H": 0.3976603111935775}