{"d": 1.6e-07, "H": 0.814596005866179, "E": -5.13736542996e-17}