{"E": 4.939021486899999e-18, "H": 1.016188363672831}