{"d": 1.6e-07, "H": 0.9641370033042524, "E": -5.60755381013e-17}