{"E": 4.590731843999993e-19, "H": 0.32024137384710866}