{"E": 3.9736688873e-18, "H": 0.12152269818476434}