{"d": 1.6e-07, "H": 0.6238164836260325, "E": -3.88710225788e-17}