{"d": 1.6e-07, "H": 1.140888569640036, "E": -6.95285662119e-17}