{"d": 1.6e-07, "H": 0.6519406712010998, "E": -4.04062307449e-17}