{"d": 1.6e-07, "H": 0.9742161584909454, "E": -5.67377095299e-17}