{"E": 4.680214900399995e-18, "H": 0.9748296910160761}