{"d": 1.6e-07, "H": 0.9748296910160761, "E": -5.8184891108e-17}