{"d": 1.6e-07, "H": 0.4693248327960347, "E": -3.02387176678e-17}