{"d": 1.6e-07, "H": 0.6597066901473676, "E": -4.09049175902e-17}