{"E": 7.51837771000014e-20, "H": 0.6597066901473676}