{"d": 1.6e-07, "H": 0.3143673455367346, "E": -2.40714395132e-17}