{"E": 9.971999439999996e-19, "H": 0.27819278671534964}