{"E": 1.3063286897000008e-18, "H": 1.1071872073552032}