{"E": 2.2442933438999935e-18, "H": 0.9808002518152286}