{"d": 1.6e-07, "H": 0.25887512480467534, "E": -2.21379804818e-17}