{"E": 2.8083108029000028e-18, "H": 1.1661932580993006}