{"E": 1.3977601873000011e-18, "H": 1.173866898580667}