{"d": 1.6e-07, "H": 0.43826723536548595, "E": -2.87852891334e-17}