{"E": 1.1073795569000017e-18, "H": 0.7526268782292636}