{"d": 1.6e-07, "H": 0.8237846523064629, "E": -4.71422799595e-17}