{"d": 1.6e-07, "H": 0.9581704014515433, "E": -5.56847544128e-17}