{"E": 8.191521450999947e-19, "H": 0.8850705377887228}