{"E": 5.284902591999968e-19, "H": 0.5975447174747467}