{"E": 5.013983285999982e-19, "H": 0.048397381135607716}