{"E": 4.5737653388e-18, "H": 0.7897525671244984}