{"E": 4.896909532899994e-18, "H": 1.0092104846623406}