{"E": 4.422600327000046e-19, "H": 0.4944378982150204}