{"d": 1.6e-07, "H": 0.9742161584909454, "E": -6.06016154724e-17}