{"E": 2.2187242246999933e-18, "H": 0.9742161584909454}