{"d": 1.6e-07, "H": 0.4235723325794434, "E": -2.85438048526e-17}