{"E": 3.1640554914999985e-18, "H": 0.6238164836260325}