{"d": 1.6e-07, "H": 0.4497821356648899, "E": -2.80538489463e-17}