{"d": 1.6e-07, "H": 1.1954039370060294, "E": -7.91846600884e-17}