{"d": 1.6e-07, "H": 0.6546227281234838, "E": -4.06771191126e-17}