{"d": 1.6e-07, "H": 0.5283336911667161, "E": -3.29386159672e-17}