{"E": 6.856418829999993e-19, "H": 0.5283336911667161}