{"E": 1.4873415695999993e-18, "H": 0.27203913743067176}