{"d": 1.6e-07, "H": 0.4053917977793284, "E": -2.68584177381e-17}