{"d": 1.6e-07, "H": 0.7038115819871134, "E": -4.2982201651e-17}