{"E": 1.0554034137999937e-18, "H": 0.9742161584909454}