{"d": 1.6e-07, "H": 0.29010798832463125, "E": -2.22211329048e-17}