{"d": 1.6e-07, "H": 1.0526020064240975, "E": -6.73573851139e-17}