{"E": 1.4026337367000014e-18, "H": 0.1847971783887045}