{"E": 3.375748948399997e-18, "H": 0.8028197934355251}