{"d": 1.6e-07, "H": 0.8028197934355251, "E": -4.71739541647e-17}