{"d": 1.6e-07, "H": 1.1954039370060294, "E": -7.63114272079e-17}