{"d": 1.6e-07, "H": 0.8637599795213791, "E": -4.9628556028e-17}