{"d": 1.6e-07, "H": 0.6486426687537004, "E": -4.0195386169e-17}