{"d": 1.6e-07, "H": 0.39123209010493915, "E": -2.62467957448e-17}