{"d": 1.6e-07, "H": 0.15675005568735337, "E": -1.79381087984e-17}