{"d": 1.6e-07, "H": 0.8267534068632554, "E": -4.86511784024e-17}