{"E": 4.272680580799998e-18, "H": 0.6052580022217073}