{"d": 1.6e-07, "H": 0.24692969305196932, "E": -2.06908367811e-17}