{"E": 4.688868644999978e-19, "H": 0.5364265596607982}