{"E": 1.1022000072000015e-18, "H": 0.9951803409357836}