{"E": 2.2648216816999947e-18, "H": 0.9861663886355949}