{"d": 1.6e-07, "H": 0.6052580022217073, "E": -3.35358751909e-17}