{"E": 7.191992405899998e-18, "H": 0.9448716255746837}