{"d": 1.6e-07, "H": 0.9448716255746837, "E": -5.34928123986e-17}