{"E": 1.2709115086000088e-18, "H": 1.0847157664043714}