{"d": 1.6e-07, "H": 1.173866898580667, "E": -7.03201251223e-17}