{"E": 9.184473793699989e-18, "H": 1.0202856143980115}