{"d": 1.6e-07, "H": 0.09343237728599144, "E": -1.63873559596e-17}