{"d": 1.6e-07, "H": 1.0282460428447024, "E": -6.56088743745e-17}