{"E": 1.1280299380000007e-18, "H": 0.4175134329531739}