{"E": 3.420548945099996e-18, "H": 0.8081036758866661}