{"E": 1.8296195721999955e-18, "H": 0.8850705377887228}