{"E": 9.326095717000098e-19, "H": 0.9249011197760583}