{"E": 3.629275993799999e-18, "H": 0.10628000491945659}