{"E": 5.144343410499993e-18, "H": 1.0518182900141038}