{"d": 1.6e-07, "H": 0.5364265596607982, "E": -2.99882138142e-17}