{"E": 6.2295017866000084e-18, "H": 0.9951803409357836}