{"d": 1.6e-07, "H": 0.2740370301783385, "E": -2.21435158856e-17}