{"d": 1.6e-07, "H": 0.4265244232267176, "E": -2.82514566451e-17}