{"E": 4.251843455000037e-19, "H": 0.4265244232267176}