{"E": 4.020866934099998e-18, "H": 0.7288630436479365}