{"E": 1.2245570329000016e-18, "H": 0.1511396584396841}