{"d": 1.6e-07, "H": 1.0250054051919253, "E": -6.65406425291e-17}