{"d": 1.6e-07, "H": 0.8204690678947646, "E": -5.0288853162e-17}