{"E": 1.4970462984999958e-18, "H": 0.8204690678947646}