{"d": 1.6e-07, "H": 0.9952270358071662, "E": -5.95453041586e-17}