{"E": 5.746386862999988e-19, "H": 0.6338961889542457}