{"E": 4.371332528000018e-19, "H": 0.36656985749271903}