{"E": 4.596233759999962e-19, "H": 0.5238139349280231}