{"E": 7.315400315499992e-18, "H": 1.1929253724128137}