{"d": 1.6e-07, "H": 0.6338961889542457, "E": -3.73529468072e-17}