{"E": 2.8217612419e-18, "H": 0.37455181058587345}