{"d": 1.6e-07, "H": 1.1661932580993006, "E": -7.27630277395e-17}