{"d": 1.6e-07, "H": 1.112307266850654, "E": -6.60453647372e-17}