{"E": 7.282322665000001e-19, "H": 0.08067118301082754}