{"d": 1.6e-07, "H": 0.8197104804685906, "E": -4.68916919456e-17}