{"E": 6.428819245599994e-18, "H": 1.0250054051919253}