{"E": 2.1032947779000004e-18, "H": 0.6338961889542457}