{"E": 4.3734256569000006e-18, "H": 0.13930175741253814}