{"E": 5.900222099700001e-18, "H": 0.20974749177685456}