{"d": 1.6e-07, "H": 0.9545452567039938, "E": -6.13875544873e-17}