{"E": 1.2956263320000012e-18, "H": 0.36391876069348517}