{"E": 7.043374243e-18, "H": 1.1305127224462546}