{"E": 5.482822131000021e-19, "H": 0.8049275669085849}