{"E": 4.2519148725e-18, "H": 0.7541989561392994}