{"E": 4.852522533199997e-18, "H": 1.0019658059640772}