{"d": 1.6e-07, "H": 0.9440337622094458, "E": -5.85279649304e-17}