{"E": 2.8679891561000005e-18, "H": 1.1929253724128137}