{"E": 1.0968139929999884e-19, "H": 0.6997767539785071}